periodo,par_metro,c_digo,categoria,estaci_n,municipio,departamento,ao,altitud_m,longitud,latitud,ene,feb,mar,abr,may,jun,jul,ago,sep,oct,nov,dic,anual
1961-1990,PRECIPITACIÓN,48015050,SP,Aeropuerto Vasquez Cobo,Leticia,Amazonas,11,84,-69.94,-4.19,348.7,326.2,343.4,363.7,278.2,201.8,165.2,163.1,225.9,284.6,284.5,290.1,3275.3
1961-1990,PRECIPITACIÓN,26180160,PM,Abejorral,Abejorral,Antioquia,1,2450,-75.43,5.79,105.1,108.2,190.4,247.6,264.9,157.9,128.3,194.9,269.3,304.3,260.7,176.9,2408.3
1961-1990,PRECIPITACIÓN,26180090,PG,El Buey,Abejorral,Antioquia,1,2110,-75.45,5.92,61.7,69.5,115.9,192.9,236.2,172.8,128.7,174.2,210.2,276.2,223.0,96.4,1957.8
1961-1990,PRECIPITACIÓN,27010850,PM,Amalfi,Amalfi,Antioquia,1,1530,-75.08,6.91,116.7,142.4,189.1,392.9,432.6,323.2,314.9,357.2,434.9,544.3,344.7,154.8,3747.7
1961-1990,PRECIPITACIÓN,27010890,PM,Cueva Santa,Amalfi,Antioquia,1,1550,-75.04,6.96,75.6,166.1,175.7,346.0,333.7,288.6,310.5,318.6,319.3,372.9,267.3,119.5,3093.8
1961-1990,PRECIPITACIÓN,26195020,PM,Ita Andes,Andes,Antioquia,1,1180,-75.88,5.69,84.3,101.9,158.3,223.4,242.2,174.4,172.9,209.8,207.1,236.7,193.3,114.5,2118.9
1961-1990,PRECIPITACIÓN,26190100,PM,Santa Bárbara,Andes,Antioquia,1,1250,-75.90,5.56,114.4,133.6,161.2,233.5,274.9,193.0,175.3,199.7,238.1,275.4,196.0,156.9,2352.1
1961-1990,PRECIPITACIÓN,27020210,PM,Angostura,Angostura,Antioquia,1,1650,-75.33,6.88,71.3,79.7,91.3,263.5,361.9,349.4,323.4,331.8,362.3,352.5,194.2,107.7,2888.8
1961-1990,PRECIPITACIÓN,27020090,PG,El Tabor,Angostura,Antioquia,1,2430,-75.38,6.80,83.9,94.2,161.2,318.2,422.9,340.7,324.1,346.0,346.7,350.4,256.9,119.3,3164.7
1961-1990,PRECIPITACIÓN,26210090,PM,Anza,Anzá,Antioquia,1,550,-75.86,6.30,38.8,67.1,103.4,168.8,235.3,198.1,135.2,157.7,189.0,219.4,150.7,55.8,1719.2
1961-1990,PRECIPITACIÓN,12030020,PM,El Carmelo,Arboletes,Antioquia,2,50,-76.38,8.62,22.5,36.4,20.3,122.3,182.4,147.0,152.3,200.3,161.5,155.1,125.5,64.4,1390.2
1961-1990,PRECIPITACIÓN,27010570,PM,Barbosa,Barbosa,Antioquia,1,1290,-75.33,6.43,63.7,77.4,121.4,215.3,290.3,222.6,214.8,244.7,285.3,322.0,197.6,91.0,2345.9
1961-1990,PRECIPITACIÓN,27010480,PG,Tasajera,Barbosa,Antioquia,1,1345,-75.43,6.40,46.5,66.6,107.6,195.4,208.8,180.7,152.9,187.0,188.8,219.5,175.1,83.4,1812.3
1961-1990,PRECIPITACIÓN,27010370,PG,Fabricato,Bello,Antioquia,1,2422,-75.60,6.37,47.4,63.3,104.3,179.7,215.7,168.8,145.0,174.2,201.8,246.4,161.1,84.3,1791.9
1961-1990,PRECIPITACIÓN,27015090,CO,Tulio Ospina,Bello,Antioquia,1,1453,-75.55,6.32,28.4,44.9,90.5,169.3,200.8,144.3,118.2,149.3,181.7,210.8,130.6,70.1,1538.9
1961-1990,PRECIPITACIÓN,27010870,PM,Belmira,Belmira,Antioquia,1,2540,-75.67,6.61,84.9,105.8,144.6,214.4,260.9,163.5,151.6,170.7,214.4,264.0,204.0,125.2,2104.1
1961-1990,PRECIPITACIÓN,27010720,PG,El Gomez,Belmira,Antioquia,1,2675,-75.65,6.73,71.0,96.7,156.5,228.1,269.7,173.3,158.6,172.1,192.3,241.6,185.2,128.7,2073.9
1961-1990,PRECIPITACIÓN,26190090,PM,Betania Las Guacas,Betania,Antioquia,1,1600,-75.98,5.76,112.6,119.2,157.6,264.3,317.4,211.6,191.2,244.5,235.2,299.8,222.1,146.9,2522.3
1961-1990,PRECIPITACIÓN,26230160,PG,Briceño,Briceño,Antioquia,1,1440,-75.51,7.11,137.1,164.9,259.6,463.2,591.9,654.6,721.2,680.8,595.9,684.1,459.5,239.1,5652.0
1961-1990,PRECIPITACIÓN,26250030,PM,Cáceres,Cáceres,Antioquia,1,95,-75.35,7.58,90.6,86.9,145.9,390.1,482.4,440.7,401.6,458.9,440.6,476.4,287.5,144.7,3846.2
1961-1990,PRECIPITACIÓN,26240100,PM,Guarumo La Lucha,Cáceres,Antioquia,1,70,-75.21,7.86,46.2,52.8,72.6,186.3,312.3,345.5,348.3,370.3,322.6,346.4,213.3,124.9,2741.6
1961-1990,PRECIPITACIÓN,26210070,PM,Caicedo,Caicedo,Antioquia,1,550,-75.98,6.41,76.7,75.6,129.4,175.9,217.4,147.7,155.1,145.9,188.0,242.3,137.9,77.8,1769.7
1961-1990,PRECIPITACIÓN,27010360,PG,Caldas,Caldas,Antioquia,1,1875,-75.63,6.07,101.9,113.3,191.6,297.3,320.4,222.9,180.7,216.8,271.5,336.9,255.1,150.6,2658.9
1961-1990,PRECIPITACIÓN,27020110,PM,Campamento,Campamento,Antioquia,1,1750,-75.30,6.98,127.3,136.8,177.1,356.5,449.2,446.7,420.5,456.8,449.6,430.8,304.9,167.4,3923.4
1961-1990,PRECIPITACIÓN,23080530,PM,Caracoli,Caracolí,Antioquia,1,600,-74.77,6.42,87.8,96.6,202.9,303.2,381.7,252.0,262.3,332.9,356.6,434.5,284.4,107.3,3102.2
1961-1990,PRECIPITACIÓN,23080080,PG,Inmarco,Caracolí,Antioquia,1,260,-74.70,6.30,86.7,83.8,155.6,257.6,328.9,245.9,219.4,243.8,330.3,355.5,217.2,119.0,2643.8
1961-1990,PRECIPITACIÓN,23080300,PM,El Carmen,Carmen de Viboral,Antioquia,1,2180,-75.33,6.08,106.3,125.0,163.2,272.6,314.1,284.6,255.7,323.6,309.2,282.5,203.8,114.6,2755.2
1961-1990,PRECIPITACIÓN,27010500,PM,Carolina,Carolina,Antioquia,1,1800,-75.28,6.73,67.9,94.8,132.8,291.7,444.2,376.9,332.4,366.0,394.9,358.7,210.8,108.2,3179.3
1961-1990,PRECIPITACIÓN,27020140,PG,Miraflores,Carolina,Antioquia,1,2015,-75.32,6.78,72.5,89.0,132.3,293.5,399.4,365.6,363.1,359.3,354.6,331.5,235.1,117.0,3112.9
1961-1990,PRECIPITACIÓN,27020070,PM,Salado el TC 2,Carolina,Antioquia,1,1870,-75.30,6.80,81.6,116.8,159.5,351.5,472.9,449.3,437.4,436.9,427.8,386.4,272.3,134.7,3727.1
1961-1990,PRECIPITACIÓN,25021390,PM,Caucasia,Caucasia,Antioquia,1,70,-75.20,8.00,36.4,31.5,59.9,199.1,254.5,321.3,331.2,380.7,328.7,287.3,192.3,71.1,2494.2
1961-1990,PRECIPITACIÓN,27040030,PM,La Esmeralda,Caucasia,Antioquia,1,100,-74.85,7.75,72.4,100.8,115.9,309.6,487.9,433.5,452.9,541.0,539.5,520.8,384.5,221.5,4180.2
1961-1990,PRECIPITACIÓN,26240060,PM,Manizales,Caucasia,Antioquia,1,91,-74.86,7.75,45.2,47.6,61.7,203.4,356.1,370.5,307.4,357.1,321.4,329.1,227.6,101.3,2728.4
1961-1990,PRECIPITACIÓN,12015090,CO,La Palmera,Chigorodó,Antioquia,1,58,-76.61,7.54,72.4,61.3,90.0,272.0,468.4,485.8,420.2,491.5,500.1,557.7,434.4,267.1,4120.9
1961-1990,PRECIPITACIÓN,23080520,PM,Cocorna,Cocorná,Antioquia,1,1210,-75.18,6.07,252.9,260.4,388.3,551.7,560.8,374.1,308.4,437.2,508.8,581.3,494.2,372.3,5090.3
1961-1990,PRECIPITACIÓN,23080360,PM,Concepción,Concepción,Antioquia,1,1880,-75.27,6.40,104.2,127.2,178.2,285.4,373.5,297.7,298.7,344.5,336.5,345.2,258.9,138.1,3087.9
1961-1990,PRECIPITACIÓN,26210080,PM,La Herradura,Concordia,Antioquia,1,620,-75.87,6.10,60.6,50.8,97.6,176.2,222.1,202.6,157.6,228.8,234.9,269.8,177.9,84.7,1963.6
1961-1990,PRECIPITACIÓN,27010650,PM,Don Matías,Don Matías,Antioquia,1,2200,-75.40,6.48,62.1,81.4,120.9,235.1,297.9,243.4,227.4,254.7,278.7,311.4,203.6,105.5,2422.0
1961-1990,PRECIPITACIÓN,27010400,PM,Riogrande Almacén,Don Matías,Antioquia,1,2070,-75.40,6.55,83.1,91.4,149.7,247.6,376.9,355.6,367.0,397.4,381.8,319.5,207.9,104.5,3082.4
1961-1990,PRECIPITACIÓN,27010440,PM,Riogrande Mocorong,Don Matías,Antioquia,1,1784,-75.37,6.55,100.0,109.5,172.6,315.4,463.2,371.0,343.4,388.4,416.1,366.7,247.5,141.7,3435.3
1961-1990,PRECIPITACIÓN,27010750,PM,Entrerrios,Entrerrios,Antioquia,1,2285,-75.48,6.57,47.3,71.7,94.1,164.7,198.8,188.7,174.3,192.7,187.6,217.7,162.2,81.0,1780.6
1961-1990,PRECIPITACIÓN,27010830,PM,San Isidro,Entrerrios,Antioquia,1,2320,-75.52,6.56,66.0,101.1,139.4,181.3,228.5,239.0,205.4,214.3,252.0,357.3,179.9,91.6,2255.7
1961-1990,PRECIPITACIÓN,11110010,PM,Normal Santa Teresa,Frontino,Antioquia,1,1370,-76.13,6.76,69.3,92.8,130.6,248.4,353.2,277.5,225.6,301.7,299.1,377.9,284.5,125.6,2786.2
1961-1990,PRECIPITACIÓN,26220090,PM,Giraldo,Giraldo,Antioquia,1,10,-75.96,6.69,54.8,55.8,106.1,211.0,265.2,183.7,161.1,192.1,213.9,238.2,148.8,72.2,1902.7
1961-1990,PRECIPITACIÓN,27010530,PG,Alto San Andrés,Girardota,Antioquia,1,2240,-75.45,6.43,47.5,62.7,101.8,173.3,241.9,208.9,188.1,222.9,225.7,244.2,157.6,86.3,1960.9
1961-1990,PRECIPITACIÓN,27010560,PM,Girardota,Girardota,Antioquia,1,1350,-75.45,6.38,43.5,60.4,92.3,167.2,215.6,165.7,126.2,182.6,191.1,215.8,144.9,61.5,1666.9
1961-1990,PRECIPITACIÓN,27010820,PM,La Cuchilla,Girardota,Antioquia,1,1600,-75.45,6.37,47.2,74.5,104.5,193.6,231.6,151.7,140.6,202.6,238.4,266.5,171.1,84.2,1906.2
1961-1990,PRECIPITACIÓN,27010600,PM,Gómez Plata,Gómez Plata,Antioquia,1,1800,-75.23,6.70,99.3,123.5,170.1,356.5,464.4,336.5,301.0,363.2,393.6,407.8,253.4,145.9,3415.2
1961-1990,PRECIPITACIÓN,27010900,PM,Gómez Plata,Gómez Plata,Antioquia,1,1850,-75.22,6.68,102.3,123.1,146.5,326.7,448.8,307.8,261.3,348.4,372.6,412.4,240.9,131.2,3221.8
1961-1990,PRECIPITACIÓN,27010320,PM,Guadalupe Botacoma,Gómez Plata,Antioquia,1,1650,-75.23,6.78,74.8,88.5,130.9,328.1,427.0,383.3,310.8,360.8,398.0,391.3,254.0,125.6,3273.2
1961-1990,PRECIPITACIÓN,23080540,PM,Granada,Granada,Antioquia,1,2050,-75.18,6.15,124.7,141.5,200.7,322.0,386.0,311.0,255.8,406.1,398.9,387.1,254.3,171.9,3360.0
1961-1990,PRECIPITACIÓN,23080260,PG,La Mosca,Guarne,Antioquia,1,2250,-75.47,6.32,49.8,68.8,105.4,222.0,241.2,164.5,139.0,172.9,202.5,264.8,201.8,92.8,1925.4
1961-1990,PRECIPITACIÓN,23080220,PG,La Severa,Guarne,Antioquia,1,2170,-75.45,6.27,49.2,76.9,104.4,197.3,218.3,143.7,132.7,163.7,178.1,254.6,188.9,101.6,1809.6
1961-1990,PRECIPITACIÓN,23080370,PM,Guatapé,Guatapé,Antioquia,1,1900,-75.17,6.23,151.4,172.1,292.1,383.0,394.5,282.5,294.3,392.2,412.6,388.7,327.7,217.9,3708.9
1961-1990,PRECIPITACIÓN,27010770,PM,El Chuscal,Heliconia,Antioquia,1,255,-75.71,6.18,151.3,151.8,242.9,378.4,395.9,263.2,203.1,292.4,381.3,414.8,309.9,174.4,3359.2
1961-1990,PRECIPITACIÓN,26195010,CO,Miguel Valencia,Jardín,Antioquia,1,1570,-75.85,5.53,82.3,105.3,151.2,230.3,227.9,187.3,172.3,185.4,217.1,235.3,177.2,116.8,2088.3
1961-1990,PRECIPITACIÓN,26170190,PM,El Dique,Jericó,Antioquia,1,1140,-75.72,5.80,73.6,66.0,117.2,206.5,265.7,194.1,155.0,205.8,256.9,322.4,234.1,114.6,2211.8
1961-1990,PRECIPITACIÓN,26180100,PM,La Unión,La Unión,Antioquia,1,2500,-75.37,5.98,79.4,106.5,141.0,239.9,276.7,243.4,210.9,276.5,281.4,283.0,212.5,88.7,2439.8
1961-1990,PRECIPITACIÓN,26180170,PM,La Unión,La Unión,Antioquia,1,2530,-75.38,6.00,90.7,123.2,108.9,229.1,273.2,217.3,199.6,252.1,268.8,281.2,196.5,113.6,2354.1
1961-1990,PRECIPITACIÓN,26180080,PG,Mesopotamia,La Unión,Antioquia,1,2415,-75.32,5.80,140.0,174.3,235.3,259.1,347.1,333.7,306.9,375.1,345.4,276.1,218.1,153.6,3164.7
1961-1990,PRECIPITACIÓN,26230140,PM,La Placita,Liborina,Antioquia,1,1250,-75.76,6.72,55.3,60.9,89.4,213.9,261.7,186.1,153.3,166.5,202.4,278.6,189.5,98.7,1956.0
1961-1990,PRECIPITACIÓN,23080640,PM,Marinilla,Marinilla,Antioquia,1,2088,-75.32,6.16,56.7,89.8,99.4,233.2,241.4,179.3,167.8,217.4,237.3,278.0,175.7,88.4,2064.3
1961-1990,PRECIPITACIÓN,27015330,SP,Aeropuerto Olaya Herrera   AUT,Medellín,Antioquia,1,1490,-75.59,6.22,55.3,76.4,119.2,175.9,192.0,154.4,109.5,154.1,182.8,217.8,148.6,78.4,1664.4
1961-1990,PRECIPITACIÓN,27010380,PG,An Antonio de Pra,Medellín,Antioquia,1,2000,-75.67,6.18,84.3,97.1,162.9,229.4,257.2,166.9,127.5,172.0,206.8,264.4,207.8,131.5,2107.7
1961-1990,PRECIPITACIÓN,27010620,PM,Boquerón,Medellín,Antioquia,1,3150,-75.67,6.33,78.4,104.9,139.9,255.2,253.0,175.0,143.8,196.2,252.5,300.3,246.5,123.1,2268.7
1961-1990,PRECIPITACIÓN,27010780,PM,Boquerón,Medellín,Antioquia,1,2510,-75.68,6.35,104.5,113.7,155.2,278.2,279.5,207.2,155.0,228.9,317.9,345.6,256.0,159.2,2601.1
1961-1990,PRECIPITACIÓN,27010350,PG,Chirrillos,Medellín,Antioquia,1,2353,-75.50,6.30,46.3,70.4,103.6,205.3,231.7,141.4,121.9,155.6,188.8,231.0,179.0,89.0,1763.9
1961-1990,PRECIPITACIÓN,27010340,PG,Mazo,Medellín,Antioquia,1,2455,-75.52,6.27,57.3,76.5,117.9,205.5,230.0,144.9,122.1,149.2,187.7,243.7,193.9,100.3,1828.9
1961-1990,PRECIPITACIÓN,27010470,PG,Miguel AG Medellín,Medellín,Antioquia,1,1549,-75.57,6.25,39.2,61.3,77.2,151.0,169.8,122.1,96.6,132.5,160.7,185.5,134.9,71.9,1402.8
1961-1990,PRECIPITACIÓN,27010460,PG,San Cristobal,Medellín,Antioquia,1,1890,-75.63,6.28,55.2,76.6,112.9,190.1,207.1,138.6,124.4,152.2,173.2,222.4,155.0,99.8,1707.7
1961-1990,PRECIPITACIÓN,27010810,CO,Santa Helena,Medellín,Antioquia,1,2550,-75.52,6.20,107.4,111.3,145.5,266.3,297.2,196.6,157.6,221.7,241.4,345.0,251.3,151.8,2493.2
1961-1990,PRECIPITACIÓN,27010450,PG,Villahermosa Plant,Medellín,Antioquia,1,1690,-75.55,6.27,41.5,62.4,93.9,177.2,185.7,129.2,105.8,139.0,173.1,213.8,159.5,90.8,1571.9
1961-1990,PRECIPITACIÓN,26180200,PM,Montebello,Montebello,Antioquia,1,560,-75.54,5.95,128.8,113.9,172.5,220.5,259.3,187.5,154.2,194.3,289.3,386.7,290.3,170.3,2567.5
1961-1990,PRECIPITACIÓN,25020540,PM,Patio Bonito,Nechí,Antioquia,1,20,-74.71,8.03,89.7,109.6,125.5,456.3,535.1,414.2,515.9,518.1,571.9,662.9,634.8,232.2,4866.2
1961-1990,PRECIPITACIÓN,26220050,PG,La Cumbre,Peque,Antioquia,1,2440,-75.93,7.03,80.4,124.0,133.4,325.7,339.9,225.8,227.5,220.3,294.9,337.0,255.5,136.7,2701.1
1961-1990,PRECIPITACIÓN,26170150,PM,Pueblorrico,Pueblorrico,Antioquia,1,2100,-75.84,5.79,121.4,103.4,181.5,289.3,377.7,323.1,236.8,263.9,324.9,362.0,274.9,154.1,3013.1
1961-1990,PRECIPITACIÓN,23090050,PM,La Nare Sierra,Puerto Berrío,Antioquia,1,125,-74.58,6.22,57.9,73.7,152.9,248.6,307.6,230.0,172.1,207.3,301.0,310.0,207.3,88.3,2356.8
1961-1990,PRECIPITACIÓN,23080620,PG,La Arabia,Puerto Nare,Antioquia,1,600,-74.75,6.17,87.3,100.2,180.1,268.0,318.5,227.9,216.4,262.7,331.8,367.0,258.6,109.4,2727.9
1961-1990,PRECIPITACIÓN,23175020,CO,Aeropuerto Otú,Remedios,Antioquia,1,643,-74.72,7.01,70.3,54.3,89.2,236.1,297.7,285.6,242.4,297.1,308.4,302.1,238.3,95.9,2517.5
1961-1990,PRECIPITACIÓN,27010310,PG,Santa Maria,Remedios,Antioquia,1,390,-74.78,7.08,79.6,75.8,144.2,327.1,448.3,396.7,342.3,384.7,378.0,334.0,224.3,121.5,3256.5
1961-1990,PRECIPITACIÓN,23080280,PG,Chuscal,Retiro,Antioquia,1,2290,-75.37,6.15,66.7,71.3,128.8,239.3,250.5,174.0,142.2,187.5,213.1,261.8,205.6,112.1,2053.0
1961-1990,PRECIPITACIÓN,23080250,PG,El Retiro,Retiro,Antioquia,1,2190,-75.52,6.05,76.5,87.9,142.5,249.3,261.5,173.5,153.4,193.2,222.2,267.4,220.4,119.2,2167.0
1961-1990,PRECIPITACIÓN,23080210,PG,La Fe,Retiro,Antioquia,1,2150,-75.50,6.10,59.3,81.2,129.8,239.2,255.6,187.5,148.6,192.5,211.7,247.2,210.5,114.6,2077.8
1961-1990,PRECIPITACIÓN,23080230,PG,Las Palmas,Retiro,Antioquia,1,2495,-75.53,6.15,65.3,77.8,124.5,223.1,233.8,170.7,128.2,149.1,193.4,236.9,213.4,99.4,1915.5
1961-1990,PRECIPITACIÓN,23080270,PG,La Masacre Rionegro,Rionegro,Antioquia,1,2070,-75.37,6.15,51.0,64.0,98.0,202.8,234.0,172.8,165.8,208.6,223.1,245.7,177.8,84.1,1927.7
1961-1990,PRECIPITACIÓN,23080290,PM,Montijo,Rionegro,Antioquia,1,2098,-75.43,6.13,56.9,75.5,103.8,199.8,229.3,167.4,153.1,196.2,205.0,246.7,214.1,91.5,1939.3
1961-1990,PRECIPITACIÓN,23080240,PG,Vasconia,Rionegro,Antioquia,1,2510,-75.48,6.20,74.3,104.8,121.8,258.8,278.0,176.5,141.8,197.1,223.2,304.4,234.2,118.8,2233.7
1961-1990,PRECIPITACIÓN,26210110,PM,Peñalisa,Salgar,Antioquia,1,2100,-75.86,5.93,82.5,76.6,129.3,240.1,385.4,277.4,252.9,280.2,304.6,399.8,277.9,141.0,2847.8
1961-1990,PRECIPITACIÓN,26230130,PM,Cruces Arriba,San Andrés,Antioquia,1,2805,-75.62,6.89,54.9,71.9,105.1,225.7,297.5,203.1,200.2,201.2,280.8,335.2,206.9,93.1,2275.4
1961-1990,PRECIPITACIÓN,26230110,PM,San Andrés,San Andrés,Antioquia,1,1600,-75.67,6.91,60.1,82.7,82.5,178.2,219.3,160.6,139.6,160.8,176.0,209.6,155.2,106.3,1730.6
1961-1990,PRECIPITACIÓN,23080490,PG,San Carlos,San Carlos,Antioquia,1,160,-74.98,6.20,157.6,133.5,231.4,407.2,450.5,278.2,282.3,402.2,485.2,528.1,405.7,238.8,4000.7
1961-1990,PRECIPITACIÓN,23080580,PG,Linderos,San Carlos,Antioquia,1,710,-74.82,6.30,90.6,83.0,165.5,252.6,314.8,251.6,209.3,270.2,339.5,337.5,213.6,107.5,2635.8
1961-1990,PRECIPITACIÓN,27010940,PG,San Bernardo,San José de La Montaña,Antioquia,1,1740,-75.58,6.85,48.6,57.3,97.3,215.7,279.4,198.9,172.7,180.9,224.0,276.5,183.0,91.8,2025.9
1961-1990,PRECIPITACIÓN,12030010,PM,San Juan de Urabá,San Juan de Urabá,Antioquia,2,4,-76.53,8.76,42.2,48.7,39.8,126.3,287.5,215.7,223.8,221.8,240.4,257.2,231.5,115.7,2050.7
1961-1990,PRECIPITACIÓN,26230090,PG,Aurra,San Pedro,Antioquia,1,2525,-75.62,6.42,39.8,65.9,83.7,155.1,168.8,136.2,114.0,138.1,163.2,195.7,159.4,74.3,1494.2
1961-1990,PRECIPITACIÓN,27010520,PG,Riochico,San Pedro,Antioquia,1,2280,-75.48,6.50,38.8,57.2,97.1,169.8,215.9,204.8,182.8,209.9,205.5,215.0,137.0,69.2,1802.9
1961-1990,PRECIPITACIÓN,23080610,PG,El Bizcocho,San Rafael,Antioquia,1,1040,-75.08,6.32,176.5,168.7,262.4,461.6,500.0,314.7,317.1,413.7,492.1,605.4,471.2,249.7,4433.0
1961-1990,PRECIPITACIÓN,23080570,PG,El Pital,San Rafael,Antioquia,1,1110,-74.90,6.30,101.5,104.0,166.4,341.2,411.3,279.5,254.5,336.4,387.4,400.6,282.3,138.2,3203.4
1961-1990,PRECIPITACIÓN,23080730,PG,El Tejar,San Rafael,Antioquia,1,120,-75.03,6.30,191.3,170.0,280.7,413.4,508.2,362.4,375.0,492.0,504.6,498.7,366.4,220.2,4382.9
1961-1990,PRECIPITACIÓN,23080460,PG,La Pradera,San Rafael,Antioquia,1,1100,-74.98,6.28,112.5,114.7,198.8,365.9,430.6,277.5,252.4,342.4,448.9,453.6,323.9,169.1,3490.3
1961-1990,PRECIPITACIÓN,23080420,PG,San Lorenzo,San Rafael,Antioquia,1,1320,-74.98,6.38,118.7,128.3,185.0,368.1,438.1,278.2,254.9,340.9,422.9,422.5,318.4,178.7,3454.7
1961-1990,PRECIPITACIÓN,23080500,PM,San Roque,San Roque,Antioquia,1,1450,-75.02,6.50,136.6,124.1,190.2,358.2,497.8,258.4,294.4,407.2,431.3,433.6,314.8,166.0,3612.5
1961-1990,PRECIPITACIÓN,23080340,PG,Riobajo,San Vicente,Antioquia,1,2070,-75.32,6.25,58.0,65.1,104.8,206.4,249.2,187.9,167.9,202.5,230.5,264.9,180.4,87.5,2004.9
1961-1990,PRECIPITACIÓN,23080380,PM,San Vicente,San Vicente,Antioquia,1,2155,-75.33,6.28,56.0,85.1,115.4,255.8,276.4,194.9,163.2,208.1,231.8,294.2,211.4,96.2,2188.3
1961-1990,PRECIPITACIÓN,27010550,PG,Aragón,Santa Rosa de Osos,Antioquia,1,2630,-75.57,6.78,61.1,78.9,99.5,219.8,242.8,176.2,155.2,165.0,199.3,259.3,196.9,91.8,1945.7
1961-1990,PRECIPITACIÓN,27010510,PG,El Botón,Santa Rosa de Osos,Antioquia,1,2500,-75.57,6.67,61.7,80.8,123.6,182.4,223.2,141.7,160.3,164.9,179.9,230.8,177.0,96.7,1823.0
1961-1990,PRECIPITACIÓN,27010590,PG,El Chaquiro,Santa Rosa de Osos,Antioquia,1,2750,-75.50,6.75,40.6,53.4,76.4,192.7,249.2,200.1,199.2,200.3,212.2,222.7,159.9,64.3,1870.9
1961-1990,PRECIPITACIÓN,27010700,PG,Haiton,Santa Rosa de Osos,Antioquia,1,2120,-75.27,6.62,92.6,88.3,165.3,275.9,422.6,334.7,330.5,360.9,361.9,348.9,232.7,119.5,3133.8
1961-1990,PRECIPITACIÓN,27020290,PG,Montanitas,Santa Rosa de Osos,Antioquia,1,2630,-75.40,6.70,61.7,69.3,119.5,221.3,318.1,273.7,264.7,266.8,275.8,268.3,174.4,87.1,2400.7
1961-1990,PRECIPITACIÓN,27010880,PM,Montañitas,Santa Rosa de Osos,Antioquia,1,2630,-75.39,6.70,54.4,77.0,109.8,216.0,304.8,253.1,268.9,263.8,272.4,250.2,164.5,83.1,2317.8
1961-1990,PRECIPITACIÓN,27010420,PG,Riogrande Bocacero,Santa Rosa de Osos,Antioquia,1,2120,-75.40,6.52,57.5,79.7,130.9,223.2,298.1,291.7,268.1,294.8,267.8,269.3,175.4,90.6,2447.0
1961-1990,PRECIPITACIÓN,27010430,PM,Riogrande Bocatoma,Santa Rosa de Osos,Antioquia,1,2150,-75.42,6.52,55.0,71.5,107.3,199.3,275.9,242.3,243.3,248.6,242.7,257.2,157.7,82.3,2183.1
1961-1990,PRECIPITACIÓN,27010580,PG,Rionegrito,Santa Rosa de Osos,Antioquia,1,2435,-75.35,6.65,68.3,71.7,132.2,240.3,339.0,289.5,279.0,294.9,323.3,289.1,195.0,95.1,2617.4
1961-1990,PRECIPITACIÓN,27010540,PM,Santa Rosa,Santa Rosa de Osos,Antioquia,1,2550,-75.47,6.65,52.9,55.9,82.3,177.2,248.9,232.9,230.9,241.6,223.5,245.6,171.2,72.7,2035.6
1961-1990,PRECIPITACIÓN,27010660,PG,Gabino,Santo Domingo,Antioquia,1,1080,-75.22,6.55,89.4,77.9,183.1,271.1,407.5,309.9,336.8,365.1,391.4,367.3,223.6,114.8,3137.9
1961-1990,PRECIPITACIÓN,23080330,PM,Santo Domingo,Santo Domingo,Antioquia,1,1940,-75.17,6.47,84.8,107.1,188.8,338.9,368.6,262.7,245.7,329.2,367.4,354.4,256.9,115.6,3020.0
1961-1990,PRECIPITACIÓN,23080390,PG,Santo Domingo,Santo Domingo,Antioquia,1,2100,-75.16,6.47,91.8,95.4,170.6,247.2,261.1,230.7,219.3,287.1,272.2,278.8,205.6,107.4,2467.1
1961-1990,PRECIPITACIÓN,23080350,PM,Santuario,Santuario,Antioquia,1,2150,-75.27,6.13,102.4,121.8,162.6,268.4,341.8,260.3,230.1,319.5,351.1,318.0,234.3,128.9,2839.4
1961-1990,PRECIPITACIÓN,26180180,PG,Sonson,Sonsón,Antioquia,1,2180,-75.29,5.72,80.0,105.0,150.8,250.3,255.2,209.5,153.9,226.9,282.6,291.0,221.5,120.8,2347.4
1961-1990,PRECIPITACIÓN,26200120,PM,Otramina,Titiribí,Antioquia,1,515,-75.79,6.07,98.4,90.5,147.7,248.1,298.6,209.1,201.0,219.9,217.3,296.3,208.6,73.6,2309.1
1961-1990,PRECIPITACIÓN,26235030,CO,Matanzas,Toledo,Antioquia,1,569,-75.67,7.04,28.6,33.9,67.8,159.1,269.4,270.8,263.5,285.4,292.6,292.3,165.2,69.2,2197.6
1961-1990,PRECIPITACIÓN,12020010,PM,Pueblo Bello,Turbo,Antioquia,1,10,-76.52,8.20,33.1,36.3,25.4,157.7,199.1,172.8,161.9,167.8,155.5,165.3,107.3,74.3,1456.3
1961-1990,PRECIPITACIÓN,11070130,PM,El Brechon,Urrao,Antioquia,1,2320,-76.03,6.13,104.9,138.9,209.1,280.6,374.3,306.9,240.9,324.5,379.7,341.0,323.9,197.4,3222.0
1961-1990,PRECIPITACIÓN,23100030,PM,El Tigre,Vegachí,Antioquia,1,1450,-74.79,6.84,64.1,64.0,120.1,289.7,340.9,276.2,236.0,306.8,335.5,331.6,235.4,84.2,2684.3
1961-1990,PRECIPITACIÓN,26205020,CP,El Rosario,Venecia,Antioquia,1,1600,-75.72,5.93,82.8,97.9,155.3,250.2,321.3,236.5,176.9,228.3,274.6,314.0,231.5,147.4,2516.7
1961-1990,PRECIPITACIÓN,11060010,PM,Buchado,Vigia del Fuerte,Antioquia,1,18,-76.78,6.42,360.6,254.3,281.0,474.4,515.2,543.5,470.3,625.3,519.9,531.7,515.6,390.9,5482.7
1961-1990,PRECIPITACIÓN,11077030,LM,La Playa,Vigia del Fuerte,Antioquia,1,22,-76.75,6.62,300.1,299.8,271.0,439.8,548.5,585.4,483.0,612.3,524.9,503.7,532.3,482.1,5583.0
1961-1990,PRECIPITACIÓN,27020200,PG,Cedeno,Yarumal,Antioquia,1,2400,-75.36,7.07,97.9,126.2,159.3,350.0,425.3,352.6,348.0,401.1,421.3,491.5,348.1,175.0,3696.2
1961-1990,PRECIPITACIÓN,27020130,PG,La Teresita,Yarumal,Antioquia,1,2560,-75.45,6.87,62.6,82.9,129.0,264.7,351.5,307.1,303.8,310.9,295.9,301.5,192.8,95.2,2697.7
1961-1990,PRECIPITACIÓN,27020220,PM,Los Llanos de Cuiba,Yarumal,Antioquia,1,2750,-75.48,6.81,104.3,156.6,217.9,467.8,464.4,373.4,349.6,317.4,454.1,526.9,260.4,178.3,3870.9
1961-1990,PRECIPITACIÓN,27020190,PM,Yarumal,Yarumal,Antioquia,1,2400,-75.42,6.96,69.9,82.5,128.7,306.1,323.4,297.1,306.8,315.4,329.8,416.9,268.6,108.7,2953.7
1961-1990,PRECIPITACIÓN,27040020,PM,Alto del Indio,Zaragoza,Antioquia,1,125,-74.95,7.53,88.5,92.3,149.4,331.1,468.8,462.6,459.6,525.6,460.6,485.5,381.2,204.1,4109.3
1961-1990,PRECIPITACIÓN,27030090,PM,El Bosque,Zaragoza,Antioquia,1,220,-74.84,7.32,116.1,140.7,162.5,354.5,511.0,428.6,383.8,491.3,505.1,571.1,457.3,290.4,4412.2
1961-1990,PRECIPITACIÓN,27030210,PM,Zaragoza,Zaragoza,Antioquia,1,50,-74.87,7.49,128.1,80.6,161.9,312.6,431.9,439.0,422.8,539.4,430.3,514.7,424.5,262.1,4148.0
1961-1990,PRECIPITACIÓN,37055010,SP,Aeropuerto Santiago Pérez,Arauca,Arauca,8,128,-70.74,7.07,10.2,9.3,29.8,121.9,202.7,279.6,268.5,225.9,180.0,159.6,81.9,28.4,1597.7
1961-1990,PRECIPITACIÓN,17015010,SP,Aeropuerto Sesquicentenario,Isla de San Andrés,"Archipiélago de San Andres, Providencia y Santa Catalina",11,1,-81.73,12.54,96.1,43.0,22.9,34.7,130.3,242.1,203.9,204.8,234.2,310.1,265.0,178.9,1966.2
1961-1990,PRECIPITACIÓN,29035080,CP,Normal Manatí,Manatí,Atlántico,2,10,-74.95,10.45,10.6,17.3,20.1,75.4,146.3,117.1,100.2,119.1,143.0,140.0,101.0,31.9,1021.9
1961-1990,PRECIPITACIÓN,14010020,PM,Hibacharo,Piojó,Atlántico,2,80,-75.14,10.72,6.7,0.6,9.6,48.7,143.5,127.3,93.4,140.6,162.4,204.9,129.8,26.3,1093.7
1961-1990,PRECIPITACIÓN,14010010,PG,Piojo,Piojó,Atlántico,2,320,-75.11,10.75,4.9,1.0,10.3,59.5,136.5,109.9,87.1,134.2,204.4,260.3,161.1,33.3,1202.5
1961-1990,PRECIPITACIÓN,29040080,PM,Polonuevo,Polonuevo,Atlántico,2,80,-74.86,10.78,6.0,3.3,6.4,68.0,138.6,161.3,130.6,163.2,188.0,222.9,121.1,23.8,1233.3
1961-1990,PRECIPITACIÓN,29040070,PM,Ponedera,Ponedera,Atlántico,2,8,-74.77,10.64,2.1,7.1,9.6,56.2,88.3,102.7,104.5,130.8,134.7,162.5,109.1,21.9,929.4
1961-1990,PRECIPITACIÓN,29035200,CP,Repelón   AUT,Repelón,Atlántico,2,10,-75.13,10.49,3.5,3.4,8.6,53.3,109.5,116.4,61.1,119.9,124.4,166.3,93.8,24.4,884.7
1961-1990,PRECIPITACIÓN,29045000,CP,Sabana Larga   AUT,Sabanalarga,Atlántico,2,100,-74.92,10.64,10.6,11.4,24.2,76.3,160.4,143.3,128.8,148.5,186.0,176.5,142.8,29.1,1238.0
1961-1990,PRECIPITACIÓN,29045190,SP,Aeropuerto Ernesto Cortissoz   AUT,Soledad,Atlántico,2,14,-74.78,10.92,4.8,0.8,0.5,25.1,94.7,104.2,69.0,97.5,143.5,178.2,80.2,24.1,822.5
1961-1990,PRECIPITACIÓN,29040240,PG,Usiacurí,Usiacurí,Atlántico,2,100,-74.98,10.74,6.1,3.6,6.8,60.1,112.2,118.3,103.8,112.6,137.6,127.4,93.6,31.6,913.6
1961-1990,PRECIPITACIÓN,25020030,PM,Guacamayo,Achí,Bolívar,1,30,-74.51,8.73,20.6,17.6,62.2,153.2,358.4,319.9,391.1,420.3,529.2,650.6,451.2,134.9,3509.2
1961-1990,PRECIPITACIÓN,25020350,PM,Guaranda,Achí,Bolívar,1,30,-74.54,8.49,21.9,44.1,49.3,192.6,367.6,351.6,348.2,401.4,398.5,558.3,355.8,97.8,3187.2
1961-1990,PRECIPITACIÓN,25027630,LM,Rio Nuevo,Barranco de Loba,Bolívar,2,23,-74.25,8.81,29.7,52.2,63.8,237.3,397.5,287.1,296.3,385.1,468.5,608.6,484.1,122.6,3432.6
1961-1990,PRECIPITACIÓN,14015080,SP,Aeropuerto Rafael Nuñez,Cartagena de Indias,Bolívar,2,2,-75.52,10.45,6.2,0.5,2.0,26.7,105.3,100.3,99.0,123.1,138.8,259.1,122.1,39.8,1022.8
1961-1990,PRECIPITACIÓN,25021340,PM,La Esperanza,Cicuco,Bolívar,2,18,-74.74,9.25,11.9,16.6,26.2,100.2,182.5,174.7,183.2,210.1,226.2,266.4,94.1,35.8,1527.7
1961-1990,PRECIPITACIÓN,25020410,PM,La Candelaria,San Jacinto del Cauca,Bolívar,1,28,-74.73,8.22,43.3,41.6,78.4,229.3,438.1,420.6,510.7,587.1,453.1,571.8,435.5,124.0,3933.6
1961-1990,PRECIPITACIÓN,29030570,PG,La Haya,San Juan Nepomuceno,Bolívar,2,100,-75.19,9.96,26.7,34.5,62.4,111.7,213.1,150.8,134.4,162.9,167.6,256.2,170.9,72.5,1563.7
1961-1990,PRECIPITACIÓN,14015010,CP,Galerazamba   Aut,Santa Catalina,Bolívar,2,20,-75.26,10.79,1.9,0.1,1.1,14.7,75.3,75.0,64.6,122.4,130.3,212.4,114.8,24.0,836.6
1961-1990,PRECIPITACIÓN,23200010,PM,Simití,Simití,Bolívar,8,64,-73.95,7.96,8.0,21.2,46.0,139.0,266.0,254.8,212.9,222.3,237.1,228.5,123.6,28.4,1788.0
1961-1990,PRECIPITACIÓN,14010050,PM,Cañaveral,Turbaco,Bolívar,2,75,-75.34,10.41,7.9,5.4,17.8,99.7,158.5,119.7,121.7,114.5,151.3,242.8,135.3,43.0,1217.6
1961-1990,PRECIPITACIÓN,29010050,PM,Zambrano,Zambrano,Bolívar,2,15,-74.82,9.70,18.5,23.4,23.1,90.8,112.1,113.1,103.8,129.8,104.1,125.6,67.1,30.3,941.9
1961-1990,PRECIPITACIÓN,35070260,PG,Almeida,Almeida,Boyacá,6,1954,-73.38,4.97,17.3,32.3,64.3,133.5,193.9,229.1,232.9,205.0,161.7,121.8,64.8,33.2,1489.6
1961-1990,PRECIPITACIÓN,35160010,PM,Potrerito,Aquitania,Boyacá,6,347,-72.95,5.48,11.0,20.9,42.2,95.1,97.5,91.3,104.9,93.2,83.4,83.8,65.9,21.4,810.4
1961-1990,PRECIPITACIÓN,35195060,CO,Toquilla   AUT,Aquitania,Boyacá,6,2950,-72.79,5.52,11.3,18.0,53.0,106.9,171.0,185.0,194.7,152.7,138.2,100.7,85.2,27.8,1244.6
1961-1990,PRECIPITACIÓN,24010630,PM,Arcabuco,Arcabuco,Boyacá,6,2600,-73.44,5.76,106.0,140.0,179.5,230.8,168.5,78.3,61.6,64.6,126.5,259.7,211.1,140.9,1767.7
1961-1990,PRECIPITACIÓN,35080030,PM,Camp Buenavista,Berbeo,Boyacá,6,1370,-73.09,5.18,28.5,44.1,72.7,166.8,265.1,278.7,302.6,266.8,204.3,194.6,138.9,67.2,2030.3
1961-1990,PRECIPITACIÓN,24030280,PM,Boavita,Boavita,Boyacá,8,20,-72.60,6.33,30.5,45.7,79.1,174.4,159.7,105.9,65.7,72.3,82.0,161.6,150.0,49.7,1176.7
1961-1990,PRECIPITACIÓN,23125100,CP,Buenavista,Buenavista,Boyacá,6,2200,-73.94,5.51,91.0,111.3,142.7,251.0,212.3,112.7,75.9,69.0,142.1,262.6,232.4,134.5,1837.4
1961-1990,PRECIPITACIÓN,24010420,PM,Caldas,Caldas,Boyacá,6,2655,-73.87,5.55,29.4,39.2,73.9,149.5,112.0,75.2,45.7,45.6,90.0,157.6,117.8,50.8,986.7
1961-1990,PRECIPITACIÓN,24030590,PM,Cerinza,Cerinza,Boyacá,6,2643,-72.94,5.96,27.3,51.8,93.7,160.3,131.0,78.7,60.8,59.5,90.2,166.5,105.7,49.2,1074.7
1961-1990,PRECIPITACIÓN,35070070,PM,Chinavita,Chinavita,Boyacá,6,1900,-73.36,5.16,23.6,34.7,58.8,136.5,178.4,215.6,234.7,198.0,149.1,140.2,121.0,47.3,1537.9
1961-1990,PRECIPITACIÓN,24015180,CP,Esclusa Tolon,Chiquinquirá,Boyacá,6,2545,-73.78,5.62,28.8,47.1,79.5,125.7,102.7,68.8,54.8,50.3,84.8,134.3,124.3,58.5,959.6
1961-1990,PRECIPITACIÓN,35070190,PG,Chivor,Chivor,Boyacá,6,1850,-73.37,4.89,54.1,78.6,137.6,270.6,394.3,438.6,419.3,352.5,263.6,224.6,136.3,89.1,2859.3
1961-1990,PRECIPITACIÓN,24030310,PM,Cómbita,Cómbita,Boyacá,6,2820,-73.32,5.63,29.5,26.4,72.9,115.3,116.0,95.2,71.3,69.9,85.7,145.2,118.8,37.0,983.1
1961-1990,PRECIPITACIÓN,35095030,CO,El Tunel,Cuítiva,Boyacá,6,3000,-72.95,5.57,8.9,27.4,54.2,103.4,87.9,66.6,64.0,60.0,64.6,90.6,73.4,27.3,728.3
1961-1990,PRECIPITACIÓN,24030350,PG,Duitama,Duitama,Boyacá,6,2540,-73.04,5.83,21.3,46.6,68.7,142.7,140.6,84.4,63.1,58.9,87.2,151.8,99.0,45.5,1009.8
1961-1990,PRECIPITACIÓN,24035120,AM,Surbata Bonza,Duitama,Boyacá,6,2485,-73.07,5.80,21.6,39.2,66.8,119.0,105.2,68.8,43.8,49.1,73.3,119.7,91.1,41.5,838.9
1961-1990,PRECIPITACIÓN,24030260,PM,El Cocuy,El Cocuy,Boyacá,6,2749,-72.45,6.41,27.2,27.7,55.8,142.1,122.7,90.9,68.5,66.3,92.4,131.2,101.3,40.5,966.6
1961-1990,PRECIPITACIÓN,24030540,PM,Firavitoba,Firavitoba,Boyacá,6,2486,-72.98,5.66,13.2,25.5,60.2,115.6,104.0,53.3,37.7,49.3,60.3,100.0,74.2,37.9,731.1
1961-1990,PRECIPITACIÓN,35070080,PG,Garagoa,Garagoa,Boyacá,6,1700,-73.37,5.08,23.4,34.3,67.2,148.3,209.8,225.2,234.1,202.3,149.7,132.7,98.6,48.2,1573.7
1961-1990,PRECIPITACIÓN,35070090,PM,Las Juntas,Garagoa,Boyacá,6,1550,-73.38,5.02,15.9,36.8,63.5,128.3,196.1,246.9,252.0,203.8,144.0,108.4,62.9,34.3,1492.8
1961-1990,PRECIPITACIÓN,35070110,PG,La Granja Guayata,Guayatá,Boyacá,6,1580,-73.50,4.98,11.7,33.1,54.7,119.4,157.8,182.2,175.0,144.7,104.9,97.2,65.7,26.3,1172.7
1961-1990,PRECIPITACIÓN,24030230,PM,Iza,Iza,Boyacá,6,2470,-72.98,5.62,12.7,29.4,67.7,137.0,116.4,58.7,51.6,52.6,74.9,105.1,108.9,33.0,848.0
1961-1990,PRECIPITACIÓN,24030580,PM,Jericó,Jericó,Boyacá,6,2962,-72.59,6.14,14.7,45.8,63.5,145.0,118.3,55.1,46.0,47.2,84.5,144.7,117.0,42.7,924.6
1961-1990,PRECIPITACIÓN,35070120,PM,Macanal,Macanal,Boyacá,6,1710,-73.32,4.97,27.6,55.0,97.0,192.8,324.3,378.7,389.6,306.6,219.5,160.9,107.0,54.4,2313.3
1961-1990,PRECIPITACIÓN,35070130,PM,Quebrada Honda,Macanal,Boyacá,6,1200,-73.31,4.95,30.5,65.4,101.7,225.0,332.1,400.7,418.3,337.5,250.1,191.2,118.8,63.9,2535.2
1961-1990,PRECIPITACIÓN,24030560,PM,Mongüa,Mongua,Boyacá,6,2900,-72.79,5.76,26.3,34.5,66.7,129.2,114.4,105.2,165.0,116.1,112.9,96.0,92.1,41.3,1099.8
1961-1990,PRECIPITACIÓN,24030190,PM,Monguí,Monguí,Boyacá,6,2970,-72.85,5.72,17.0,33.0,70.3,134.6,123.3,78.4,73.8,54.7,63.7,107.8,91.5,30.9,878.9
1961-1990,PRECIPITACIÓN,24015020,CO,Bertha,Moniquirá,Boyacá,6,1700,-73.60,5.88,55.5,73.3,137.7,248.2,270.7,191.6,147.8,150.8,194.2,260.6,177.0,77.5,1984.9
1961-1990,PRECIPITACIÓN,23120050,PM,Muzo,Muzo,Boyacá,6,850,-74.10,5.53,120.0,152.1,202.1,352.9,371.7,206.4,151.5,133.6,237.8,384.9,256.3,158.0,2727.2
1961-1990,PRECIPITACIÓN,24035150,CP,Belencito,Nobsa,Boyacá,6,2530,-72.89,5.78,22.2,38.8,74.0,111.1,90.8,52.6,45.1,42.9,65.3,110.6,94.4,38.5,786.4
1961-1990,PRECIPITACIÓN,24030790,PM,Nobsa,Nobsa,Boyacá,6,2500,-72.94,5.77,23.8,36.4,67.3,140.3,112.4,58.9,51.9,48.8,68.7,136.0,109.0,41.9,895.5
1961-1990,PRECIPITACIÓN,24035180,CO,San Rafael,Nobsa,Boyacá,6,2548,-72.98,5.78,23.2,39.8,68.8,118.0,106.4,63.3,44.7,47.7,73.9,124.3,87.9,40.5,838.3
1961-1990,PRECIPITACIÓN,35075010,AM,Nuevo Colón,Nuevo Colón,Boyacá,6,2438,-73.45,5.35,14.6,32.3,52.8,93.3,104.7,124.6,115.5,98.0,81.9,102.8,67.6,37.3,925.3
1961-1990,PRECIPITACIÓN,24030510,PM,El Cerezo,Paipa,Boyacá,6,2900,-73.07,5.70,23.9,48.8,103.1,157.8,162.8,81.2,66.0,75.6,88.8,159.7,122.5,57.0,1147.1
1961-1990,PRECIPITACIÓN,24025030,CP,La Sierra   AUT,Paipa,Boyacá,6,2700,-73.16,5.97,96.4,142.1,233.1,261.1,222.6,93.9,72.6,97.2,135.0,286.7,223.6,125.9,1990.3
1961-1990,PRECIPITACIÓN,24010870,PM,Palermo,Paipa,Boyacá,6,2200,-73.20,5.90,76.7,91.3,154.6,184.9,156.3,76.8,55.0,57.3,108.4,213.3,158.6,94.0,1427.2
1961-1990,PRECIPITACIÓN,24035430,AM,Tunguavita   AUT,Paipa,Boyacá,6,2470,-73.12,5.75,26.4,50.0,85.2,117.6,127.7,75.6,49.2,59.7,86.5,142.9,99.1,42.7,962.6
1961-1990,PRECIPITACIÓN,35190050,PM,Pajarito,Pajarito,Boyacá,6,842,-72.70,5.30,29.5,51.9,153.5,301.3,521.9,575.7,617.8,630.4,558.1,397.7,224.2,71.2,4133.3
1961-1990,PRECIPITACIÓN,23120140,PM,Pauna,Pauna,Boyacá,6,1225,-73.98,5.65,113.5,160.7,222.9,339.7,257.3,126.2,94.0,109.5,201.4,387.6,350.2,202.6,2565.5
1961-1990,PRECIPITACIÓN,23120120,PM,Santa Rita,Pauna,Boyacá,6,2800,-73.92,5.60,46.0,73.1,91.4,170.2,156.5,78.9,57.6,58.3,98.9,182.6,166.0,82.9,1262.4
1961-1990,PRECIPITACIÓN,24030120,PG,Pesca,Pesca,Boyacá,6,2678,-73.08,5.52,10.5,20.4,39.6,95.4,106.0,75.1,58.8,63.6,63.7,99.5,83.2,25.7,741.5
1961-1990,PRECIPITACIÓN,35070010,PG,Ramiriquí,Ramiriquí,Boyacá,6,2360,-73.33,5.40,23.1,29.9,51.2,123.1,153.4,149.9,153.2,128.0,98.0,121.4,97.5,39.9,1168.6
1961-1990,PRECIPITACIÓN,24010180,PM,Ráquira,Ráquira,Boyacá,6,2290,-73.63,5.54,51.6,76.6,132.6,187.8,118.6,60.6,28.9,28.0,69.4,195.5,171.3,75.4,1196.4
1961-1990,PRECIPITACIÓN,24015360,CO,La Granja Saboya,Saboyá,Boyacá,6,2550,-73.76,5.70,40.8,83.6,122.1,197.4,164.4,85.6,70.2,69.1,125.0,234.4,156.7,78.0,1427.3
