codigoestacion,codigosensor,fechaobservacion,valorobservado,nombreestacion,departamento,municipio,zonahidrografica,latitud,longitud,descripcionsensor,unidadmedida
0026125504,0240,2020-03-11T21:05:00.000,0,PARAGUAICITO  - AUT,QUINDÍO,BUENAVISTA,CAUCA,4.395555556,-75.73416667,Precipitacion,mm
3702500113,0240,2020-03-11T23:50:00.000,0,CAMPO HERMOSO - AUT,NORTE DE SANTANDER,TOLEDO,ARAUCA,7.099138889,-72.300419444,Precipitacion,mm
0025017030,0240,2020-03-11T10:40:00.000,0,PICA PICA  - AUT,CORDOBA,MONTELÍBANO,BAJO MAGDALENA- CAUCA -SAN JORGE,8.030277778,-75.68027778,Precipitacion,mm
0026237040,0240,2020-03-11T22:10:00.000,0,PTO VALDIVIA,ANTIOQUIA,VALDIVIA,CAUCA,7.287,-75.396,Precipitacion,mm
0047015100,0240,2020-03-11T05:20:00.000,0,EL ENCANO - AUT,NARIÑO,PASTO,PUTUMAYO,1.159944444,-77.16147222,Precipitacion,mm
0023065502,0240,2020-03-11T13:50:00.000,0,LA PALMA  - AUT,CUNDINAMARCA,LA PALMA,MEDIO MAGDALENA,5.330266667,-74.40156111,Precipitacion,mm
1602500110,0240,2020-03-11T13:20:00.000,0,ARBOLEDAS - AUT,NORTE DE SANTANDER,ARBOLEDAS,CATATUMBO,7.645111111,-72.799169444,Precipitacion,mm
0047015100,0240,2020-03-11T07:10:00.000,0,EL ENCANO - AUT,NARIÑO,PASTO,PUTUMAYO,1.159944444,-77.16147222,Precipitacion,mm
2308500071,0240,2020-03-11T07:30:00.000,0,RETIRO - AUT,ANTIOQUIA,RETIRO,MEDIO MAGDALENA,6.060275,-75.509513889,Precipitacion,mm
1602500110,0240,2020-03-11T13:00:00.000,0,ARBOLEDAS - AUT,NORTE DE SANTANDER,ARBOLEDAS,CATATUMBO,7.645111111,-72.799169444,Precipitacion,mm
0021015060,0240,2020-03-11T09:50:00.000,0,MARENGO  - AUT,HUILA,PITALITO,ALTO MAGDALENA,2.221111111,-76.11888889,Precipitacion,mm
0011080010,0240,2020-03-11T13:10:00.000,0,PR CHOCO: BELLAVISTA,CHOCÓ,BOJAYÁ (BELLAVISTA),ATRATO - DARIÉN,6.559,-76.885,Precipitacion,mm
0029004520,0240,2020-03-11T07:20:00.000,0,ESCUELA NAVAL BARRANQUILLA  - AUT,ATLANTICO,BARRANQUILLA,BAJO MAGDALENA,11.00638889,-74.785,Precipitacion,mm
0021205910,0240,2020-03-11T07:10:00.000,0,LA COSECHA - AUT,CUNDINAMARCA,ZIPAQUIRÁ,ALTO MAGDALENA,4.989222222,-74.00119444,Precipitacion,mm
0026217010,0240,2020-03-11T03:00:00.000,0,LA GALERA - AUT,ANTIOQUIA,SANTA FE DE ANTIOQUIA,CAUCA,6.554972222,-75.86419444,Precipitacion,mm
0012015060,0240,2020-03-11T02:30:00.000,0,TULENAPA  - AUT,ANTIOQUIA,CAREPA,CARIBE - LITORAL,7.773944444,-76.66575,Precipitacion,mm
0021255501,0240,2020-03-11T20:45:00.000,0,LA TRINIDAD  - AUT,TOLIMA,LÍBANO,ALTO MAGDALENA,4.895,-75.04,Precipitacion,mm
0025025340,0240,2020-03-11T04:20:00.000,0,SAN MARCOS - AUT,SUCRE,SAN MARCOS,BAJO MAGDALENA- CAUCA -SAN JORGE,8.596833333,-75.14269444,Precipitacion,mm
0047017110,0240,2020-03-11T19:20:00.000,0,MONOPAMBA  - AUT,NARIÑO,PUERRES,PUTUMAYO,0.807777778,-77.30694444,Precipitacion,mm
0021209920,0240,2020-03-11T19:30:00.000,0,SANTA ROSITA - AUT,CUNDINAMARCA,SUESCA,ALTO MAGDALENA,5.19225,-73.77905556,Precipitacion,mm
0035037100,0240,2020-03-11T22:40:00.000,0,PUENTE ABADIA - AUT,META,VILLAVICENCIO,META,4.235333333,-73.63536111,Precipitacion,mm
0037057020,0240,2020-03-11T05:20:00.000,0,ALCARAVAN  AUT,ARAUCA,ARAUQUITA,ARAUCA,7.035,-71.41638889,Precipitacion,mm
0023195240,0240,2020-03-11T11:50:00.000,0,AGUACHICA - AUT,CESAR,AGUACHICA,MEDIO MAGDALENA,8.123416667,-73.57986111,Precipitacion,mm
2603500127,0240,2020-03-11T14:30:00.000,0,REMOLINO ALERTAS - EL VOLCAN - AUT,CAUCA,EL TAMBO,CAUCA,2.542913889,-76.852061111,Precipitacion,mm
0016027060,0240,2020-03-11T17:50:00.000,0,PUERTO LEON - AUT,NORTE DE SANTANDER,PUERTO SANTANDER,CATATUMBO,8.350277778,-72.43472222,Precipitacion,mm
0052055210,0240,2020-03-11T17:30:00.000,0,BOTANA - AUT,NARIÑO,PASTO,PATÍA,1.16,-77.27880556,Precipitacion,mm
2120700146,0240,2020-03-11T12:10:00.000,0,UNIVERSIDAD DE LA SABANA - AUT,CUNDINAMARCA,CHÍA,ALTO MAGDALENA,4.85475,-74.04,Precipitacion,mm
0035217030,0240,2020-03-11T17:40:00.000,0,PUENTE LA CABANA,CASANARE,YOPAL,META,5.438,-72.455,Precipitacion,mm
0026135330,0240,2020-03-11T11:30:00.000,0,LA LAGUNA DEL OTUN  - AUT,RISARALDA,PEREIRA,CAUCA,4.776361111,-75.4125,Precipitacion,mm
0056015010,0240,2020-03-11T05:20:00.000,0,PR CHOCO: PANAMERICANA,CHOCÓ,BAHÍA SOLANO (MUTIS),PACÍFICO - DIRECTOS,6.223,-77.404,Precipitacion,mm
1501700160,0240,2020-03-11T21:50:00.000,0,RIO MANZANARES ALERTAS - AUT,MAGDALENA,SANTA MARTA,CARIBE - GUAJIRA,11.187080556,-74.096905556,Precipitacion,mm
0036015501,0240,2020-03-11T00:45:00.000,0,TAMARA  - AUT,CASANARE,TÁMARA,CASANARE,5.872219444,-72.11944167,Precipitacion,mm
0026145506,0240,2020-03-11T23:10:00.000,0,FILO BONITO  - AUT,CALDAS,BELALCAZAR,CAUCA,4.986358333,-75.84574722,Precipitacion,mm
0035235040,0240,2020-03-11T16:20:00.000,0,PERENCO - TRINIDAD METEO,CASANARE,TRINIDAD,<nil>,5.419,-71.666,Precipitacion,mm
0046035010,0240,2020-03-11T21:00:00.000,0,MAGUARE - AUT,CAQUETA,EL DONCELLO,CAGUÁN,1.640222222,-75.16266667,Precipitacion,mm
0023085501,0240,2020-03-11T07:50:00.000,0,COCORNA  - AUT,ANTIOQUIA,COCORNÁ,MEDIO MAGDALENA,6.061941667,-75.18666667,Precipitacion,mm
0015035020,0240,2020-03-11T12:30:00.000,0,TERMOGUAJIRA  - AUT,LA GUAJIRA,DIBULLA,CARIBE - GUAJIRA,11.2525,-73.41138889,Precipitacion,mm
0026155220,0240,2020-03-11T13:10:00.000,0,VILLAMARIA - AUT,CALDAS,VILLAMARIA,CAUCA,5.048666667,-75.51388889,Precipitacion,mm
0026125710,0240,2020-03-11T13:30:00.000,0,APTO MATECAÑA TX GPS/GOES,RISARALDA,PEREIRA,CAUCA,4.813,-75.74,Precipitacion,mm
0026237040,0240,2020-03-11T01:40:00.000,0,PTO VALDIVIA,ANTIOQUIA,VALDIVIA,CAUCA,7.287,-75.396,Precipitacion,mm
0021055501,0240,2020-03-11T11:00:00.000,0,SIMON CAMPOS  - AUT,HUILA,LA PLATA,ALTO MAGDALENA,2.345830556,-75.87805556,Precipitacion,mm
0024027070,0240,2020-03-11T04:30:00.000,0,MERIDA - AUT,SANTANDER,PÁRAMO,SOGAMOSO,6.444722222,-73.15833333,Precipitacion,mm
2319500125,0240,2020-03-11T02:00:00.000,0,POLIDEPORTIVO CACHIRA - AUT,NORTE DE SANTANDER,CÁCHIRA,MEDIO MAGDALENA,7.649638889,-73.178361111,Precipitacion,mm
0026155150,0240,2020-03-11T01:00:00.000,0,LAS BRISAS - AUT,CALDAS,VILLAMARIA,MEDIO MAGDALENA,4.934527778,-75.35038889,Precipitacion,mm
0021057050,0240,2020-03-11T20:20:00.000,0,VEGA EL SALADO  - AUT,HUILA,LA PLATA,ALTO MAGDALENA,2.331444444,-75.94216667,Precipitacion,mm
0021015502,0240,2020-03-11T18:35:00.000,0,SAN AGUSTIN  - AUT,HUILA,SAN AGUSTÍN,ALTO MAGDALENA,1.851416667,-76.30433056,Precipitacion,mm
0026145505,0240,2020-03-11T15:00:00.000,0,LA FLORESTA  - AUT,CALDAS,BELALCAZAR,CAUCA,4.979219444,-75.83555556,Precipitacion,mm
0035217060,0240,2020-03-11T16:30:00.000,0,PERENCO: EL PLAYON,CASANARE,NUNCHÍA,META,5.54,-72.232,Precipitacion,mm
0021137050,0240,2020-03-11T16:10:00.000,0,RIO ANGOSTURA  - AUT,TOLIMA,NATAGAIMA,ALTO MAGDALENA,3.443194444,-75.11880556,Precipitacion,mm
0026217010,0240,2020-03-11T03:30:00.000,0,LA GALERA - AUT,ANTIOQUIA,SANTA FE DE ANTIOQUIA,CAUCA,6.554972222,-75.86419444,Precipitacion,mm
0023065502,0240,2020-03-11T09:30:00.000,0,LA PALMA  - AUT,CUNDINAMARCA,LA PALMA,MEDIO MAGDALENA,5.330266667,-74.40156111,Precipitacion,mm
2301700089,0240,2020-03-11T01:20:00.000,0,GUALÍ ALERTAS - AUT,TOLIMA,FRESNO,MEDIO MAGDALENA,5.134277778,-75.062055556,Precipitacion,mm
0021115501,0240,2020-03-11T01:10:00.000,0,TELLO  - AUT,HUILA,TELLO,ALTO MAGDALENA,2.960666667,-75.02849722,Precipitacion,mm
0026125508,0240,2020-03-11T20:20:00.000,0,LACATALINA  - AUT,RISARALDA,PEREIRA,CAUCA,4.7475,-75.73805556,Precipitacion,mm
0035085080,0240,2020-03-11T22:50:00.000,0,LA CAPILLA - AUT,BOYACÁ,LA CAPILLA,META,5.099194444,-73.436,Precipitacion,mm
0014019030,0240,2020-03-11T14:20:00.000,0,CC DIQUE: CIOH,BOLÍVAR,CARTAGENA DE INDIAS,CARIBE - LITORAL,10.391,-75.534,Precipitacion,mm
0026247010,0240,2020-03-11T12:00:00.000,0,PALMIRA HACIENDA  - AUT,ANTIOQUIA,CÁCERES,CAUCA,7.796777778,-75.37252778,Precipitacion,mm
0024035390,0240,2020-03-11T19:40:00.000,0,PARAMO ALMORZADERO  - AUT,SANTANDER,CERRITO,SOGAMOSO,6.945388889,-72.69633333,Precipitacion,mm
0021206790,0240,2020-03-11T22:30:00.000,0,HACIENDA SANTA ANA - AUT,CUNDINAMARCA,NEMOCÓN,ALTO MAGDALENA,5.0905,-73.88125,Precipitacion,mm
0029067150,0240,2020-03-11T14:40:00.000,0,GANADERIA CARIBE  - AUT,MAGDALENA,ARACATACA,BAJO MAGDALENA,10.57491667,-74.12666667,Precipitacion,mm
0021205502,0240,2020-03-11T15:00:00.000,0,MISIONES  - AUT,CUNDINAMARCA,EL COLEGIO,ALTO MAGDALENA,4.544997222,-74.44055556,Precipitacion,mm
0025020440,0240,2020-03-11T11:20:00.000,0,SAN PEDRO - LA MOJANA TX GPRS/GOES,SUCRE,SAN PEDRO,BAJO MAGDALENA- CAUCA -SAN JORGE,9.402,-75.016,Precipitacion,mm
0023025502,0240,2020-03-11T09:30:00.000,0,ALMACAFE LETRAS  - AUT,CALDAS,MANIZALES,MEDIO MAGDALENA,5.044997222,-75.33221944,Precipitacion,mm
0029047070,0240,2020-03-11T07:40:00.000,0,SAN PEDRITO - TX GPRS,ATLÁNTICO,SUAN,BAJO MAGDALENA,10.268,-74.908,Precipitacion,mm
0028025502,0240,2020-03-11T09:30:00.000,0,APTO ALFONSO LOPEZ,CESAR,VALLEDUPAR,CESAR,10.436,-73.248,Precipitacion,mm
0026115501,0240,2020-03-11T06:30:00.000,0,MANUEL MARIA MALLARINO  - AUT,VALLE DEL CAUCA,TRUJILLO,CAUCA,4.213611111,-76.31497222,Precipitacion,mm
1206500136,0240,2020-03-11T13:40:00.000,0,UNIVERSIDAD UNAD CARTAGENA - AUT,BOLIVAR,CARTAGENA DE INDIAS,CARIBE - LITORAL,10.400311111,-75.513280556,Precipitacion,mm
0026145503,0240,2020-03-11T12:20:00.000,0,ANSERMA  - AUT,CALDAS,ANSERMA,CAUCA,5.231330556,-75.77961667,Precipitacion,mm
0011057020,0240,2020-03-11T10:30:00.000,0,SAN ANTONIO PADUA  - AUT,ANTIOQUIA,VIGIA DEL FUERTE,ATRATO - DARIÉN,6.286666667,-76.76180556,Precipitacion,mm
0021237020,0240,2020-03-11T06:20:00.000,0,ARRANCAPLUMAS  - AUT,CUNDINAMARCA,GUADUAS,ALTO MAGDALENA,5.202416667,-74.72761111,Precipitacion,mm
0021165502,0240,2020-03-11T12:35:00.000,0,VILLARICA  - AUT,TOLIMA,VILLARRICA,ALTO MAGDALENA,3.955641667,-74.59178611,Precipitacion,mm
0025025030,0240,2020-03-11T06:00:00.000,0,AYAPEL,CÓRDOBA,AYAPEL,BAJO MAGDALENA- CAUCA -SAN JORGE,8.295,-75.165,Precipitacion,mm
0024030680,0240,2020-03-11T15:20:00.000,0,EL PARAMO - AUT,SANTANDER,CARCASÍ,SOGAMOSO,6.653333333,-72.59083333,Precipitacion,mm
0037015030,0240,2020-03-11T05:30:00.000,0,BERLIN - AUT,SANTANDER,TONA,ARAUCA,7.187,-72.8685,Precipitacion,mm
0035105050,0240,2020-03-11T06:00:00.000,0,GUAICARAMO  - AUT,META,BARRANCA DE UPÍA,META,4.468666667,-72.95358333,Precipitacion,mm
5204700100,0240,2020-03-11T00:20:00.000,0,PUENTE LOS DOLORES - AUT,NARIÑO,PASTO,PATÍA,1.199805556,-77.265694444,Precipitacion,mm
1602500110,0240,2020-03-11T08:50:00.000,0,ARBOLEDAS - AUT,NORTE DE SANTANDER,ARBOLEDAS,CATATUMBO,7.645111111,-72.799169444,Precipitacion,mm
0021127030,0240,2020-03-11T02:40:00.000,0,SANTA MARIA  - AUT,HUILA,SANTA MARÍA,ALTO MAGDALENA,2.971777778,-75.59244444,Precipitacion,mm
2805500075,0240,2020-03-11T00:40:00.000,0,CURUMANÍ - AUT,CESAR,CURUMANÍ,CESAR,9.238138889,-73.512916667,Precipitacion,mm
0025027750,0240,2020-03-11T04:20:00.000,0,SAN MARCOS - LA MOJANA TX GPRS/GOES,SUCRE,SAN MARCOS,BAJO MAGDALENA- CAUCA -SAN JORGE,8.655,-75.131,Precipitacion,mm
0021057050,0240,2020-03-11T09:40:00.000,0,VEGA EL SALADO  - AUT,HUILA,LA PLATA,ALTO MAGDALENA,2.331444444,-75.94216667,Precipitacion,mm
0029035080,0240,2020-03-11T09:40:00.000,0,NORMAL MANATI  - AUT,ATLANTICO,MANATÍ,BAJO MAGDALENA,10.45358333,-74.95463889,Precipitacion,mm
0044035040,0240,2020-03-11T22:40:00.000,0,FLORENCIA - AUT,CAQUETA,FLORENCIA,CAQUETÁ,1.733,-75.64502778,Precipitacion,mm
0016015130,0240,2020-03-11T21:00:00.000,0.1,ALCALDIA DE HERRAN  - AUT,NORTE DE SANTANDER,HERRÁN,CATATUMBO,7.506722222,-72.48536111,Precipitacion,mm
0044017070,0240,2020-03-11T15:40:00.000,0,SANTA ROSA  - AUT,CAUCA,SANTA ROSA,CAQUETÁ,1.705,-76.56222222,Precipitacion,mm
0016025503,0240,2020-03-11T16:40:00.000,0.4,GRAMALOTE  - AUT,NORTE DE SANTANDER,GRAMALOTE,CATATUMBO,7.923163889,-72.83375556,Precipitacion,mm
0026155502,0240,2020-03-11T01:05:00.000,0,CENICAFE  - AUT,CALDAS,MANIZALES,CAUCA,4.991111111,-75.59749722,Precipitacion,mm
0021115170,0240,2020-03-11T13:30:00.000,0,LA PLATA - AUT,HUILA,NEIVA,ALTO MAGDALENA,2.759138889,-75.07455556,Precipitacion,mm
0026145505,0240,2020-03-11T07:30:00.000,0,LA FLORESTA  - AUT,CALDAS,BELALCAZAR,CAUCA,4.979219444,-75.83555556,Precipitacion,mm
3519700092,0240,2020-03-11T12:10:00.000,0,MANI - AUT,CASANARE,MANI,META,4.816419444,-72.30865,Precipitacion,mm
0021205710,0240,2020-03-11T05:10:00.000,0,JARDIN BOTANICO  - AUT,BOGOTA,"BOGOTA, D.C",ALTO MAGDALENA,4.669333333,-74.10266667,Precipitacion,mm
0026015030,0240,2020-03-11T05:50:00.000,0,PNN PURACE - AUT,CAUCA,PURACÉ (COCONUCO),CAUCA,2.356848889,-76.40354389,Precipitacion,mm
0022057060,0240,2020-03-11T17:10:00.000,0,LA MURALLA - AUT,TOLIMA,ATACO,SALDAÑA,3.481361111,-75.46697222,Precipitacion,mm
0023195502,0240,2020-03-11T13:40:00.000,0,APTO PALONEGRO,SANTANDER,LEBRIJA,MEDIO MAGDALENA,7.121,-73.185,Precipitacion,mm
0044037080,0240,2020-03-11T04:00:00.000,0,MORELIA  - AUT,CAQUETA,MORELIA,CAQUETÁ,1.497333333,-75.72497222,Precipitacion,mm
3706500109,0240,2020-03-11T06:00:00.000,0,ARAUCA TERMINAL - AUT,ARAUCA,ARAUCA,ARAUCA,7.063780556,-70.733080556,Precipitacion,mm
0021165502,0240,2020-03-11T17:50:00.000,0,VILLARICA  - AUT,TOLIMA,VILLARRICA,ALTO MAGDALENA,3.955641667,-74.59178611,Precipitacion,mm
0035095120,0240,2020-03-11T00:00:00.000,0,AQUITANIA - AUT,BOYACÁ,AQUITANIA,META,5.556638889,-72.88175,Precipitacion,mm
0015065180,0240,2020-03-11T21:50:00.000,0,APTO ALMIRANTE PADILLA TX GPRS,LA GUAJIRA,RIOHACHA,CARIBE - GUAJIRA,11.53,-72.918,Precipitacion,mm
0026185501,0240,2020-03-11T17:10:00.000,0,SONSON  - AUT,ANTIOQUIA,SONSÓN,CAUCA,5.677719444,-75.34780556,Precipitacion,mm
