fecha,anio,mes,mes_num,ipc_alimentos
2003-01-01,2003,Enero,1,50.42
2003-02-01,2003,Febrero,2,50.98
2003-03-01,2003,Marzo,3,51.51
2003-04-01,2003,Abril,4,52.1
2003-05-01,2003,Mayo,5,52.36
2003-06-01,2003,Junio,6,52.33
2003-07-01,2003,Julio,7,52.26
2003-08-01,2003,Agosto,8,52.42
2003-09-01,2003,Septiembre,9,52.53
2003-10-01,2003,Octubre,10,52.56
2003-11-01,2003,Noviembre,11,52.75
2003-12-01,2003,Diciembre,12,53.07
2004-01-01,2004,Enero,1,53.54
2004-02-01,2004,Febrero,2,54.18
2004-03-01,2004,Marzo,3,54.71
2004-04-01,2004,Abril,4,54.96
2004-05-01,2004,Mayo,5,55.17
2004-06-01,2004,Junio,6,55.51
2004-07-01,2004,Julio,7,55.49
2004-08-01,2004,Agosto,8,55.51
2004-09-01,2004,Septiembre,9,55.67
2004-10-01,2004,Octubre,10,55.66
2004-11-01,2004,Noviembre,11,55.82
2004-12-01,2004,Diciembre,12,55.99
2005-01-01,2005,Enero,1,56.45
2005-02-01,2005,Febrero,2,57.02
2005-03-01,2005,Marzo,3,57.46
2005-04-01,2005,Abril,4,57.72
2005-05-01,2005,Mayo,5,57.95
2005-06-01,2005,Junio,6,58.18
2005-07-01,2005,Julio,7,58.21
2005-08-01,2005,Agosto,8,58.21
2005-09-01,2005,Septiembre,9,58.46
2005-10-01,2005,Octubre,10,58.6
2005-11-01,2005,Noviembre,11,58.66
2005-12-01,2005,Diciembre,12,58.7
2006-01-01,2006,Enero,1,59.02
2006-02-01,2006,Febrero,2,59.41
2006-03-01,2006,Marzo,3,59.83
2006-04-01,2006,Abril,4,60.09
2006-05-01,2006,Mayo,5,60.29
2006-06-01,2006,Junio,6,60.48
2006-07-01,2006,Julio,7,60.73
2006-08-01,2006,Agosto,8,60.96
2006-09-01,2006,Septiembre,9,61.14
2006-10-01,2006,Octubre,10,61.05
2006-11-01,2006,Noviembre,11,61.19
2006-12-01,2006,Diciembre,12,61.33
2007-01-01,2007,Enero,1,61.8
2007-02-01,2007,Febrero,2,62.53
2007-03-01,2007,Marzo,3,63.29
2007-04-01,2007,Abril,4,63.85
2007-05-01,2007,Mayo,5,64.05
2007-06-01,2007,Junio,6,64.12
2007-07-01,2007,Julio,7,64.23
2007-08-01,2007,Agosto,8,64.14
2007-09-01,2007,Septiembre,9,64.2
2007-10-01,2007,Octubre,10,64.2
2007-11-01,2007,Noviembre,11,64.51
2007-12-01,2007,Diciembre,12,64.82
2008-01-01,2008,Enero,1,65.51
2008-02-01,2008,Febrero,2,66.5
2008-03-01,2008,Marzo,3,67.04
2008-04-01,2008,Abril,4,67.51
2008-05-01,2008,Mayo,5,68.14
2008-06-01,2008,Junio,6,68.73
2008-07-01,2008,Julio,7,69.06
2008-08-01,2008,Agosto,8,69.19
2008-09-01,2008,Septiembre,9,69.06
2008-10-01,2008,Octubre,10,69.3
2008-11-01,2008,Noviembre,11,69.49
2008-12-01,2008,Diciembre,12,69.8
2009-01-01,2009,Enero,1,70.21
2009-02-01,2009,Febrero,2,70.8
2009-03-01,2009,Marzo,3,71.15
2009-04-01,2009,Abril,4,71.38
2009-05-01,2009,Mayo,5,71.39
2009-06-01,2009,Junio,6,71.35
2009-07-01,2009,Julio,7,71.32
2009-08-01,2009,Agosto,8,71.35
2009-09-01,2009,Septiembre,9,71.28
2009-10-01,2009,Octubre,10,71.19
2009-11-01,2009,Noviembre,11,71.14
2009-12-01,2009,Diciembre,12,71.2
2010-01-01,2010,Enero,1,71.69
2010-02-01,2010,Febrero,2,72.28
2010-03-01,2010,Marzo,3,72.46
2010-04-01,2010,Abril,4,72.79
2010-05-01,2010,Mayo,5,72.87
2010-06-01,2010,Junio,6,72.95
2010-07-01,2010,Julio,7,72.92
2010-08-01,2010,Agosto,8,73.0
2010-09-01,2010,Septiembre,9,72.9
2010-10-01,2010,Octubre,10,72.84
2010-11-01,2010,Noviembre,11,72.98
2010-12-01,2010,Diciembre,12,73.45
2011-01-01,2011,Enero,1,74.12
2011-02-01,2011,Febrero,2,74.57
2011-03-01,2011,Marzo,3,74.77
2011-04-01,2011,Abril,4,74.86
2011-05-01,2011,Mayo,5,75.07
2011-06-01,2011,Junio,6,75.31
2011-07-01,2011,Julio,7,75.42
2011-08-01,2011,Agosto,8,75.39
2011-09-01,2011,Septiembre,9,75.62
2011-10-01,2011,Octubre,10,75.77
2011-11-01,2011,Noviembre,11,75.87
2011-12-01,2011,Diciembre,12,76.19
2012-01-01,2012,Enero,1,76.75
2012-02-01,2012,Febrero,2,77.22
2012-03-01,2012,Marzo,3,77.31
2012-04-01,2012,Abril,4,77.42
2012-05-01,2012,Mayo,5,77.66
2012-06-01,2012,Junio,6,77.72
2012-07-01,2012,Julio,7,77.7
2012-08-01,2012,Agosto,8,77.73
2012-09-01,2012,Septiembre,9,77.96
2012-10-01,2012,Octubre,10,78.08
2012-11-01,2012,Noviembre,11,77.98
2012-12-01,2012,Diciembre,12,78.05
2013-01-01,2013,Enero,1,78.28
2013-02-01,2013,Febrero,2,78.63
2013-03-01,2013,Marzo,3,78.79
2013-04-01,2013,Abril,4,78.99
2013-05-01,2013,Mayo,5,79.21
2013-06-01,2013,Junio,6,79.39
2013-07-01,2013,Julio,7,79.43
2013-08-01,2013,Agosto,8,79.5
2013-09-01,2013,Septiembre,9,79.73
2013-10-01,2013,Octubre,10,79.52
2013-11-01,2013,Noviembre,11,79.35
2013-12-01,2013,Diciembre,12,79.56
2014-01-01,2014,Enero,1,79.95
2014-02-01,2014,Febrero,2,80.45
2014-03-01,2014,Marzo,3,80.77
2014-04-01,2014,Abril,4,81.14
2014-05-01,2014,Mayo,5,81.53
2014-06-01,2014,Junio,6,81.61
2014-07-01,2014,Julio,7,81.73
2014-08-01,2014,Agosto,8,81.9
2014-09-01,2014,Septiembre,9,82.01
2014-10-01,2014,Octubre,10,82.14
2014-11-01,2014,Noviembre,11,82.25
2014-12-01,2014,Diciembre,12,82.47
2015-01-01,2015,Enero,1,83.0
2015-02-01,2015,Febrero,2,83.96
2015-03-01,2015,Marzo,3,84.45
2015-04-01,2015,Abril,4,84.9
2015-05-01,2015,Mayo,5,85.12
2015-06-01,2015,Junio,6,85.21
2015-07-01,2015,Julio,7,85.37
2015-08-01,2015,Agosto,8,85.78
2015-09-01,2015,Septiembre,9,86.39
2015-10-01,2015,Octubre,10,86.98
2015-11-01,2015,Noviembre,11,87.51
2015-12-01,2015,Diciembre,12,88.05
2016-01-01,2016,Enero,1,89.19
2016-02-01,2016,Febrero,2,90.33
2016-03-01,2016,Marzo,3,91.18
2016-04-01,2016,Abril,4,91.63
2016-05-01,2016,Mayo,5,92.1
2016-06-01,2016,Junio,6,92.54
2016-07-01,2016,Julio,7,93.02
2016-08-01,2016,Agosto,8,92.73
2016-09-01,2016,Septiembre,9,92.68
2016-10-01,2016,Octubre,10,92.62
2016-11-01,2016,Noviembre,11,92.73
2016-12-01,2016,Diciembre,12,93.11
2017-01-01,2017,Enero,1,94.07
2017-02-01,2017,Febrero,2,95.01
2017-03-01,2017,Marzo,3,95.46
2017-04-01,2017,Abril,4,95.91
2017-05-01,2017,Mayo,5,96.12
2017-06-01,2017,Junio,6,96.23
2017-07-01,2017,Julio,7,96.18
2017-08-01,2017,Agosto,8,96.32
2017-09-01,2017,Septiembre,9,96.36
2017-10-01,2017,Octubre,10,96.37
2017-11-01,2017,Noviembre,11,96.55
2017-12-01,2017,Diciembre,12,96.92
2018-01-01,2018,Enero,1,97.53
2018-02-01,2018,Febrero,2,98.22
2018-03-01,2018,Marzo,3,98.45
2018-04-01,2018,Abril,4,98.91
2018-05-01,2018,Mayo,5,99.16
2018-06-01,2018,Junio,6,99.31
2018-07-01,2018,Julio,7,99.18
2018-08-01,2018,Agosto,8,99.3
2018-09-01,2018,Septiembre,9,99.47
2018-10-01,2018,Octubre,10,99.59
2018-11-01,2018,Noviembre,11,99.7
2018-12-01,2018,Diciembre,12,100.0
2019-01-01,2019,Enero,1,100.6
2019-02-01,2019,Febrero,2,101.18
2019-03-01,2019,Marzo,3,101.62
2019-04-01,2019,Abril,4,102.12
2019-05-01,2019,Mayo,5,102.44
2019-06-01,2019,Junio,6,102.71
2019-07-01,2019,Julio,7,102.94
2019-08-01,2019,Agosto,8,103.03
2019-09-01,2019,Septiembre,9,103.26
2019-10-01,2019,Octubre,10,103.43
2019-11-01,2019,Noviembre,11,103.54
2019-12-01,2019,Diciembre,12,103.8
2020-01-01,2020,Enero,1,104.24
2020-02-01,2020,Febrero,2,104.94
2020-03-01,2020,Marzo,3,105.53
2020-04-01,2020,Abril,4,105.7
2020-05-01,2020,Mayo,5,105.36
2020-06-01,2020,Junio,6,104.97
2020-07-01,2020,Julio,7,104.97
2020-08-01,2020,Agosto,8,104.96
2020-09-01,2020,Septiembre,9,105.29
2020-10-01,2020,Octubre,10,105.23
2020-11-01,2020,Noviembre,11,105.08
2020-12-01,2020,Diciembre,12,105.48
2021-01-01,2021,Enero,1,105.91
2021-02-01,2021,Febrero,2,106.58
2021-03-01,2021,Marzo,3,107.12
2021-04-01,2021,Abril,4,107.76
2021-05-01,2021,Mayo,5,108.84
2021-06-01,2021,Junio,6,108.78
2021-07-01,2021,Julio,7,109.14
2021-08-01,2021,Agosto,8,109.62
2021-09-01,2021,Septiembre,9,110.04
2021-10-01,2021,Octubre,10,110.06
2021-11-01,2021,Noviembre,11,110.6
2021-12-01,2021,Diciembre,12,111.41
2022-01-01,2022,Enero,1,113.26
2022-02-01,2022,Febrero,2,115.11
2022-03-01,2022,Marzo,3,116.26
2022-04-01,2022,Abril,4,117.71
2022-05-01,2022,Mayo,5,118.7
2022-06-01,2022,Junio,6,119.31
2022-07-01,2022,Julio,7,120.27
2022-08-01,2022,Agosto,8,121.5
2022-09-01,2022,Septiembre,9,122.63
2022-10-01,2022,Octubre,10,123.51
2022-11-01,2022,Noviembre,11,124.46
2022-12-01,2022,Diciembre,12,126.03
2023-01-01,2023,Enero,1,128.27
2023-02-01,2023,Febrero,2,130.4
2023-03-01,2023,Marzo,3,131.77
2023-04-01,2023,Abril,4,132.8
2023-05-01,2023,Mayo,5,133.38
2023-06-01,2023,Junio,6,133.78
2023-07-01,2023,Julio,7,134.45
2023-08-01,2023,Agosto,8,135.39
2023-09-01,2023,Septiembre,9,136.11
2023-10-01,2023,Octubre,10,136.45
2023-11-01,2023,Noviembre,11,137.09
2023-12-01,2023,Diciembre,12,137.72
2024-01-01,2024,Enero,1,138.98
2024-02-01,2024,Febrero,2,140.49
2024-03-01,2024,Marzo,3,141.48
2024-04-01,2024,Abril,4,142.32
2024-05-01,2024,Mayo,5,142.92
2024-06-01,2024,Junio,6,143.38
2024-07-01,2024,Julio,7,143.67
2024-08-01,2024,Agosto,8,143.67
2024-09-01,2024,Septiembre,9,144.02
2024-10-01,2024,Octubre,10,143.83
2024-11-01,2024,Noviembre,11,144.22
2024-12-01,2024,Diciembre,12,144.88
2025-01-01,2025,Enero,1,146.24
2025-02-01,2025,Febrero,2,147.9
2025-03-01,2025,Marzo,3,148.68
2025-04-01,2025,Abril,4,149.66
2025-05-01,2025,Mayo,5,150.14
2025-06-01,2025,Junio,6,150.3
2025-07-01,2025,Julio,7,150.71
2025-08-01,2025,Agosto,8,150.99
2025-09-01,2025,Septiembre,9,151.48
2025-10-01,2025,Octubre,10,151.76
2025-11-01,2025,Noviembre,11,151.87
2025-12-01,2025,Diciembre,12,152.27
2026-01-01,2026,Enero,1,154.07
2026-02-01,2026,Febrero,2,155.73
2026-03-01,2026,Marzo,3,156.94
2026-04-01,2026,Abril,4,158.17
2026-05-01,2026,Mayo,5,158.91
2026-06-01,2026,Junio,6,159.53
2026-07-01,2026,Julio,7,159.79
2026-08-01,2026,Agosto,8,160.42
