col_0_NIVEL,col_1_CODIGO,col_2_DESCRIPTIVA,col_3_Dic-14,col_4_Ene-15,col_5_Feb-15,col_6_Mar-15,col_7_Abr-15,col_8_May-15,col_9_Jun-15,col_10_Jul-15,col_11_Ago-15,col_12_Sep-15,col_13_Oct-15,col_14_Nov-15,col_15_Dic-15,col_16_Ene-16,col_17_Feb-16,col_18_Mar-16,col_19_Abr-16,col_20_May-16,col_21_Jun-16,col_22_Jul-16,col_23_Ago-16,col_24_Sep-16,col_25_Oct-16,col_26_Nov-16,col_27_Dic-16,col_28_Ene-17,col_29_Feb-17,col_30_Mar-17,col_31_Abr-17,col_32_May-17,col_33_Jun-17,col_34_Jul-17,col_35_Ago-17,col_36_Sep-17,col_37_Oct-17,col_38_Nov-17,col_39_Dic-17,col_40_Ene-18,col_41_Feb-18,col_42_Mar-18,col_43_Abr-18,col_44_May-18,col_45_Jun-18,col_46_Jul-18,col_47_Ago-18,col_48_Sep-18,col_49_Oct-18,col_50_Nov-18,col_51_Dic-18,col_52_Ene-19,col_53_Feb-19,col_54_Mar-19,col_55_Abr-19,col_56_May-19,col_57_Jun-19,col_58_Jul-19,col_59_Ago-19,col_60_Sep-19,col_61_Oct-19,col_62_Nov-19,col_63_Dic-19,col_64_Ene-20,col_65_Feb-20,col_66_Mar-20,col_67_Abr-20,col_68_May-20,col_69_Jun-20,col_70_Jul-20,col_71_Ago-20,col_72_Sep-20,col_73_Oct-20,col_74_Nov-20,col_75_Dic-20,col_76_ene-21 (pr)*,"col_77_enero/2021
(definitivos)
Disponibles desde el 04 de marzo de 2021",col_78_feb-21 (pr)*,"col_79_febrero/2021
(definitivos)
Disponibles desde el 05 de abril de 2021",col_80_mar-21 (pr)*,"col_81_marzo/2021
(definitivos)
Disponibles desde el 04 de mayo de 2021",col_82_abr-21 (pr)*,"col_83_Abril/2021
(definitivos)
Disponibles desde el 04 de junio de 2021",col_84_May-21 (pr)*,"col_85_Mayo/2021
(definitivos)
Disponibles desde el 02 de Julio de 2021",col_86_Jun-21 (pr)*,"col_87_Jun-21 (definitivos)
Disponibles desde el 04 de Agosto de 2021",col_88_Jul-21 (pr)*,"col_89_Jul-21 (definitivos)
Disponibles desde el 03 de Septiembre de 2021",col_90_Ago-21 (pr)*,"col_91_Ago-21 (definitivos)
Disponibles desde el 04 de Octubre de 2021",col_92_Sep-21 (pr)*,"col_93_Sep-21 (definitivos)
Disponibles desde el 04 de Noviembre de 2021",col_94_Oct-21 (pr)*,col_95_Oct-21 (definitivos)  Disponibles desde el 15 de Diciembre de 2021,col_96_Nov-21 (pr)*,col_97_Nov-21 (definitivos) Disponibles desde el 4 de Enero de 2022,col_98_Dic-21 (pr)*,col_99_Dic-21 (definitivos) Disponibles desde el 4 de Febrero de 2022,col_100_Ene-22 (pr)*,col_101_Ene-22 (definitivos) Disponibles desde el 4 de Marzo de 2022,col_102_Feb-22 (pr)*,col_103_Feb-22 (definitivos) Disponibles desde el 4 de Abril de 2022,col_104_Mar-22 (pr)*,col_105_Mar-22 (definitivos) Disponibles desde el 4 de Mayo de 2022,col_106_Abr-22 (pr)*,col_107_Abr-22 (definitivos) Disponibles desde el 3 de Junio de 2022,col_108_May-22 (pr)*,col_109_May-22 (definitivos) Disponibles desde el 5 de Julio de 2022,col_110_Jun-22 (pr)*,col_111_Jun-22 (definitivos) Disponibles desde el 4 de Agosto de 2022,col_112_Jul-22 (pr)*,col_113_Jul-22 (definitivos) Disponibles desde el 5 de Septiembre de 2022,col_114_Ago-22 (pr)*,col_115_Ago-22 (definitivos) Disponibles desde el 4 de Octubre de 2022,col_116_Sep-22 (pr)*,col_117_Sep-22 (definitivos) Disponibles desde el 4 de Noviembre de 2022,col_118_Oct-22 (pr)*,col_119_Oct-22 (definitivos) Disponibles desde el 5 de Diciembre de 2022,col_120_Nov-22 (pr)*,col_121_Nov-22 (definitivos) Disponibles desde el 4 de Enero de 2023,col_122_Dic-22 (pr)*,col_123_Dic-22 (definitivos) Disponibles desde el 3 de Febrero de 2023,col_124_Ene-23 (pr)*,col_125_Ene-23 (definitivos) Disponibles desde el 3 de Marzo de 2023,col_126_Feb-23 (pr)*,col_127_Feb-23 (definitivos) Disponibles desde el 5 de Abril de 2023,col_128_Mar-23 (pr)*,col_129_Mar-23 (definitivos) Disponibles desde el 4 de Mayo de 2023,col_130_Abr-23 (pr)*,col_131_Abr-23 (definitivos) Disponibles desde el 5 de Junio de 2023,col_132_May-23 (pr)*,col_133_May-23 (definitivos) Disponibles desde el 5 de Julio de 2023,col_134_Jun-23 (pr)*,col_135_Jun-23 (definitivos) Disponibles desde el 4 de Agosto de 2023,col_136_Jul-23 (pr)*,col_137_Jul-23 (definitivos) Disponibles desde el 4 de Septiembre de 2023,col_138_Ago-23 (pr)*,col_139_Ago-23 (Definitivos) Disponibles desde el 4 de Octubre de 2023,col_140_Sep-23 (pr)*,col_141_Sep-23 (definitivos) Disponibles desde el 3 de Noviembre de 2023,col_142_Oct-23 (pr)*,col_143_Oct-23 (definitivos) Disponibles desde el 5 de Diciembre de 2023,col_144_Nov-23 (pr)*,col_145_Nov-23 (definitivos) Disponibles desde el 4 de Enero de 2024,col_146_Dic-23 (pr*),col_147_Dic-23 (definitivos) Disponibles desde el 5 de Febrero de 2024,col_148_Ene-24 (pr)*,col_149_Ene-24 (definitivos) Disponibles desde el 4 de Marzo de 2024,col_150_Feb-24 (pr*),col_151_Feb-24 (definitivos) Disponibles desde el 4 de Abril de 2024,col_152_Mar-24 (pr*),col_153_Mar-24 (definitivos) Disponibles desde el 6 de Mayo de 2024,col_154_Abr-24 (pr*),col_155_Abr-24 (definitivos) Disponibles desde el 5 de Junio de 2024,col_156_May-24 (pr*),col_157_May-24 (definitivos) Disponibles desde el 4 de Julio de 2024,col_158_Jun-24 (pr*),col_159_Jun-24 (definitivos) Disponibles desde el 4 de Agosto de 2024,col_160_Jul-24 (pr*),col_161_Jul-24 (definitivos) Disponibles desde el 4 de Septiembre de 2024,col_162_Ago-24 (pr*),col_163_Ago-24 (definitivos) Disponibles desde el 4 de Octubre de 2024,col_164_Sep-24 (pr*),col_165_Sep-24 (definitivos) Disponibles desde el 5 de Noviembre de 2024,col_166_Oct-24 (pr*),col_167_Oct-24 (definitivos) Disponibles desde el 4 de Diciembre de 2024,col_168_Nov-24 (pr*),col_169_Nov-24 (definitivos) Disponibles desde el 7 de Enero de 2025,col_170_Dic-24 (pr*),col_171_Dic-24 (definitivos) Disponibles desde el 5 de Febrero de 2025,col_172_Ene-25 (pr*),col_173_Ene-25 (definitivos) Disponibles desde el 5 de Marzo de 2025,col_174_Feb-25 (pr*),col_175_Feb-25 (definitivos) Disponibles desde el 4 de Abril de 2025,col_176_Mar-25 (pr*),col_177_Mar-25 (definitivos) Disponibles desde el 6 de Mayo de 2025,col_178_Abr-25 (pr*),col_179_Abr-25 (definitivos) Disponibles desde el 5 de Junio de 2025,col_180_May-25 (pr*),col_181_May-25 (definitivos) Disponibles desde el 4 de Julio de 2025,col_182_Jun-25 (pr*),col_183_Jun-25 (definitivos) Disponibles desde el 5 de Agosto de 2025,col_184_Jul-25 (pr*),col_185_Jul-25 (definitivos) Disponibles desde el 4 de Septiembre de 2025,col_186_Ago-25 (pr*),col_187_Ago-25 (definitivos) Disponibles desde el 6 de Octubre de 2025,col_188_Sep-25 (pr*),col_189_Sep-25 (definitivos) Disponibles desde el 5 de Noviembre de 2025,col_190_Oct-25 (pr*),col_191_Oct-25 (definitivos) Disponibles desde el 4 de Diciembre de 2025,col_192_Nov-25 (pr*),col_193_Nov-25 (definitivos) Disponibles desde el 8 de Enero de 2026,col_194_Dic-25 (pr*),col_195_Dic-25 (definitivos) Disponibles desde el 5 de Febrero de 2026,col_196_Ene-26 (pr*),col_197_Ene-26 (definitivos) Disponibles desde el 5 de Marzo de 2026,col_198_Feb-26 (pr*),col_199_Feb-26 (definitivos) Disponibles desde el 9 de Abril de 2026,col_200_Mar-26 (pr*),col_201_Mar-26 (definitivos) Disponibles desde el 7 de Mayo de 2026,col_202_Abr-26 (pr*),col_203_Abr-26 (definitivos) Disponibles desde el 4 de Junio de 2026,col_204_May-26 (pr*),col_205_May-26 (definitivos) Disponibles desde el 6 de Julio de 2026,col_206_Jun-26 (pr*),col_207_Jun-26 (definitivos) Disponibles desde el 6 de Agosto de 2026,col_208_Jul-26 (pr*),col_209_Jul-26 (definitivos) Disponibles desde el 4 de Septiembre de 2026,col_210_Ago-26 (pr*)
TOTAL,T,TOTAL,100,98.72,96.77,100.44,99.08,99.05,101.07,102.33,104.39,104.38,103.37,103.89,105.48,105.32,105.74,106.19,105.76,107.12,108.1,108.38,107.15,106.9,107.19,109.24,107.76,108.12,107.48,107.31,106.87,106.39,105.86,107.1,107.7,108.17,109.04,110.76,111.29,111.5,111.35,111.14,111.41,113.86,113.72,113.45,113.26,115.97,117.52,115.67,113.86,114.53,115.6,116.37,118.03,119.91,117.99,118.68,118.91,120.35,120.34,120.31,120.79,119.91,118.69,116.16,112.33,113.73,115.73,117.49,119.31,118.78,119.52,119.54,119.74,122.77,123.03,126.28,126.19,129.39,129.23,130.67,130.88,135.08,135.01,136.52,136.76,138.81,139.03,140.31,140.32,142.14,142.14,145.75,146.17,149.85,150.39,151.6,151.53,157.77,159.25,164.39,165.4,171.67,172.86,177.54,175.83,181.33,181.71,180.64,180.03,184.71,184.9,182.44,181.19,182.43,180.9,183.47,184.68,187.63,187.27,184.58,184.57,185.98,185.05,187.18,187.15,185.58,185.11,182.62,182.27,179.11,178.28,173.46,174.08,172.79,173.02,175.71,176.26,178.32,179.13,180.55,180.13,176.69,176.45,173.89,173.88,174.83,174.91,177.08,176.77,176.98,177.57,179.57,179.17,177.25,177.83,180.13,180.15,180.43,180.55,178.52,178.54,180.39,179.93,182.46,181.96,184.92,184.92,186.62,186.42,188.33,188.03,187.15,187.34,186.24,186.22,186.49,186.51,184.36,184.42,183.91,184.07,184.53,184.62,185.39,185.51,186.46,186.53,185.24,185.03,182.24,182.23,181.51,181.57,184.3,184.35,186.77,186.73,194.09,195.6,194.87,195.45,196.95,197.02,190.15,190.1,187.41,187.55,186.93
SECCIÓN,A,"Agricultura, ganadería, caza, silvicultura y pesca",100,101.12,103.1,105.64,103.68,101.82,101.87,102.54,105.13,107.41,110.14,111.9,115.55,119.39,121.56,121.18,122.56,125.29,126.85,127.6,118.43,116.91,116.59,116.96,116.76,118.57,117.65,118.39,118.11,117.45,117.11,116.98,117.03,115.35,116.19,117.34,117.77,118.56,118.78,119.91,118.52,117.68,117.57,116.58,116.95,118.98,120.65,121.39,123.2,125.42,123.95,125.89,127.72,129.13,130.99,131.46,132.04,134.41,135.51,132.62,131.15,130.91,133,141.37,143.54,142.42,138.23,137.65,138.44,141.08,142.1,142.54,143.33,147.45,147.45,150.38,150.38,156.2,156.22,160.21,160.21,171.03,171.03,165.66,165.66,167.58,167.58,169.82,169.82,171.45,171.45,174.44,174.44,180.16,182.91,191.57,191.57,210.24,210.24,225.18,225.18,227.22,227.22,231.83,231.83,225.95,225.95,228.39,228.39,230.21,230.21,233.97,233.97,239.1,239.1,243.73,243.73,246.77,246.77,255.67,255.67,263.61,263.61,271.32,271.32,269.8,269.8,258.08,258.08,248.08,248.08,241.13,241.13,236.61,236.61,244.39,244.39,251.15,251.15,253.89,253.89,252.05,252.05,252.59,252.59,255.62,255.62,262.06,262.06,263.23,263.23,266.7,266.7,267.14,267.14,271.04,271.04,271.51,271.51,262.19,262.19,270.82,270.82,275.56,275.56,286.32,286.32,294.45,294.45,296.52,296.52,303.61,303.61,303.62,303.62,297.35,297.35,288.44,288.44,281.15,281.15,291.47,291.47,296.67,296.67,310.13,310.13,308.55,308.55,294.71,294.71,289.48,289.48,305.13,305.13,312.77,312.77,315.93,315.93,307.72,307.73,297.76,297.76,304.94,304.94,316.8,316.8,316.84
,B,Explotación de minas y canteras,100,90.42,77.44,90.78,86.52,88.33,96.38,98.6,101,96.92,90.55,90.25,90.69,83.66,80.22,84.83,83.05,86.8,89.07,89.09,88.55,88.41,90.57,96.69,91.1,90.66,88.15,85.84,85.88,83.38,81.03,86.04,88.89,91.48,94.73,101.85,103.71,105.27,102.3,100.72,103.9,113.72,112.22,111.86,110.08,120.01,124.92,111.86,102.15,103.59,109.06,111.3,116.53,121.19,111.34,109.33,105.46,109.38,106.61,108.78,112.07,106.21,96.8,73.88,56.02,64.86,79,87.24,91.15,86.8,88.15,89.71,92.15,99.84,101.25,111.4,110.39,117.37,116.51,116.26,117.49,124.27,123.64,129.89,131.04,135.54,136.66,136.62,136.65,141.9,141.31,153.88,155.05,162.16,162.62,156.98,156.84,166.28,172,181.12,186.29,210.53,215.25,225.84,216.75,236.73,238.87,233.51,231.03,238.44,239.63,227.31,221.23,219.04,212.25,212.99,219.94,224.15,220.86,202.82,203.69,195.5,190.3,189.45,189.4,180.54,178.2,176.49,173.71,163.53,160.13,147.63,149.73,149.83,151.26,155.84,158.53,163.7,167.78,170.89,168.93,153.77,152.13,142.27,142.35,140.33,140.94,144.37,142.8,143.55,146.32,153.61,150.24,140.04,142.99,148.53,148.64,148.94,149.36,144.13,145.02,142.63,140.63,147.7,145.12,147.74,148.03,147.31,146.36,151.64,149.4,140.72,141.58,135.71,136.03,132.86,133.73,128.8,129.55,134.61,135.17,134.01,133.98,134.23,134.34,130.46,130.06,123.76,122.13,118.67,119.15,117.21,117,117.64,116.59,120.99,119.87,150.76,157.36,155.94,157.39,166.12,168.08,137.8,139.84,127.59,126.92,125.49
,C,Industrias manufactureras,100,100.53,100.83,102.06,101.62,101.45,102.21,103.32,105.17,105.84,105.55,106.05,107.54,108.47,109.61,109.08,108.65,109.07,109.57,109.83,110.02,109.99,109.88,111.15,110.56,110.84,110.78,111.02,110.41,110.52,110.46,110.93,111.02,111.34,111.55,111.9,112.07,111.79,112.35,112.25,112.05,113.13,113.36,113.25,113.39,114.25,114.84,115.57,115.22,115.36,115.72,115.85,116.49,117.7,117.2,118.69,119.98,120.55,121.07,121.01,121.11,121.47,121.86,122.77,121.6,121.46,121.34,121.79,123.23,123.12,123.63,123.15,122.61,124.12,124.12,125.54,125.68,127.3,127.29,128.69,128.66,130.81,130.87,132.46,132.5,133.9,133.92,135.37,135.37,136.28,136.45,137.71,138,140.31,140.43,142.03,141.96,144.81,145.41,147.48,147.54,149.69,150.14,153.2,153.19,156.99,156.95,156.36,156.14,160.64,160.6,159.6,159.45,160.85,160.46,163.13,162.99,165.57,165.95,165.16,164.91,167.65,167.72,169.55,169.51,169.96,169.9,169.06,169.32,169.48,169.2,166.92,167.27,166.25,166.2,167.33,167.4,167.65,167.72,168.4,168.32,167.8,167.9,166.73,166.7,168.05,167.99,168.95,168.94,168.8,168.91,169.14,169.49,169.38,169.42,170.51,170.49,170.73,170.8,171.12,170.91,172.57,172.43,173.27,173.24,174.72,174.63,175.71,175.68,176.61,176.79,176.47,176.5,176.51,176.39,178.92,178.71,178.7,178.59,177.9,177.99,176.9,177.03,177.05,177.21,176.96,177.18,177.34,177.47,177.1,176.95,177.48,177.63,178.33,178.68,179.51,179.76,181.45,181.87,182.84,183.3,185.11,184.67,181.43,180.8,177.81,178.2,177.68
DIVISIÓN_CIIU,01,"Agricultura, ganadería, caza y actividades de servicios conexas",100,101.16,103.17,105.79,103.76,101.84,101.9,102.58,105.24,107.6,110.43,112.24,116.01,119.96,122.18,121.75,123.18,125.92,127.53,128.31,118.84,117.3,116.97,117.35,117.15,119,118.06,118.7,118.38,117.71,117.35,117.21,117.27,115.57,116.46,117.67,118.12,118.9,119.09,120.24,118.8,117.92,117.82,116.77,117.16,119.25,120.99,121.76,123.65,125.92,124.37,126.35,128.21,129.7,131.62,132.1,132.7,135.16,136.31,133.32,131.81,131.54,133.69,142.34,144.56,143.41,139.07,138.63,139.44,142.13,143.16,143.59,144.4,148.65,148.65,151.54,151.54,157.54,157.55,161.65,161.65,172.94,172.94,167.39,167.39,169.38,169.38,171.67,171.67,173.35,173.35,176.45,176.45,182.29,185.15,194.1,194.1,213.34,213.34,228.65,228.65,230.73,230.73,235.4,235.4,229.33,229.33,231.81,231.81,233.69,233.69,237.55,237.55,242.85,242.85,247.78,247.78,250.88,250.88,259.93,259.93,267.96,267.96,275.72,275.72,274.13,274.13,261.96,261.96,251.64,251.64,244.45,244.45,239.78,239.78,247.82,247.82,254.8,254.8,257.53,257.53,255.6,255.6,256.17,256.17,259.31,259.31,265.85,265.85,266.98,266.98,270.55,270.55,271,271,275.03,275.03,275.48,275.48,265.83,265.83,274.76,274.76,279.7,279.7,290.84,290.84,299.26,299.26,301.38,301.38,309.02,309.02,308.84,308.84,302.1,302.1,292.91,292.91,285.4,285.4,296.04,296.04,301.43,301.43,315.35,315.35,313.71,313.71,299.42,299.42,294.04,294.04,310.05,310.05,317.92,317.92,321.17,321.17,312.63,312.63,302.32,302.32,309.85,309.85,322.12,322.12,322.12
,02,Silvicultura y extracción de madera,100,100.06,99.99,100.33,100.31,100.22,100.06,100.33,100.14,99.97,99.98,99.81,99.66,100.06,100.08,99.99,99.97,103.42,103.34,103.49,103.71,103.55,104.13,103.94,103.94,103.82,103.76,108.84,109.47,109.4,108.99,109.12,109.2,108.75,108.7,108.7,108.7,108.7,109.72,109.72,109.72,109.72,109.72,109.72,109.72,109.72,109.72,109.72,109.72,109.72,111.48,111.48,111.48,111.48,111.48,111.48,111.48,111.48,111.48,111.48,111.48,111.48,111.48,111.48,111.48,111.48,111.48,104.88,104.88,106.36,106.36,107.86,107.86,107.86,107.86,113.2,113.2,113.2,113.2,113.2,113.2,109.51,109.51,109.51,109.51,109.51,109.51,109.51,109.51,109.51,109.51,109.51,109.51,112.21,112.21,112.21,112.21,113.92,113.92,119.72,119.72,119.72,119.72,119.72,119.72,119.72,119.72,120.75,120.75,120.75,120.75,120.75,120.75,120.75,120.75,115.17,115.17,117.86,117.86,124.67,124.67,130.82,130.82,139.03,139.03,139.03,139.03,139.03,139.03,139.03,139.03,139.03,139.03,139.03,139.03,139.03,139.03,139.03,139.03,142.84,142.84,142.84,142.84,142.84,142.84,142.84,142.84,146.97,146.97,146.97,146.97,146.97,146.97,146.97,146.97,146.97,146.97,146.97,146.97,146.97,146.97,146.97,146.97,146.97,146.97,146.97,146.97,146.97,146.97,146.97,146.97,135.41,135.41,142.02,142.02,148.96,148.96,148.96,148.96,148.96,148.96,150.46,150.46,150.46,150.46,150.46,150.46,150.46,150.46,150.46,150.46,150.46,150.46,155.81,155.81,155.81,155.81,155.81,155.81,155.81,155.81,157.24,157.24,153.89,153.89,153.89,153.89,156.86
,03,Pesca y acuicultura,100,100.11,103.36,104.22,104.47,104.24,104.7,105.29,107.53,108.41,108.33,108.96,111.27,111.58,114.43,119.71,119.41,118.52,118.86,118.71,116.68,112.77,110.84,110.44,110.65,112.53,112.83,110.59,113.31,112.08,113.68,113.87,113.46,108.94,106.96,105.25,104.74,109.13,109.8,112.08,113.38,113.7,111.77,114.76,114.77,115.11,115.12,114,111.65,114.14,112.92,115.81,120.08,117.05,116.91,117.89,117.49,116.62,115.35,114.71,114.06,116.76,117.55,119.6,121.69,120.5,122.2,123.21,123.86,125.08,126.38,126.3,126.32,127.83,127.83,127.77,127.77,130.59,130.65,135.09,135.09,134.92,134.92,134.52,134.52,134.39,134.39,137.21,137.21,137.71,137.71,137.56,137.56,138.42,136.51,137.16,137.16,140.41,140.41,139.77,139.77,144.4,144.4,155.29,155.29,153.89,153.89,155.54,155.54,156.61,156.61,159.38,159.38,160.93,160.93,161.8,161.8,158.06,158.06,156.19,156.19,158.3,158.3,158.2,158.2,160.58,160.58,166.71,166.71,162.01,162.01,162.26,162.26,162.38,162.38,163.53,163.53,164.13,164.13,166.03,166.03,167.86,167.86,167.67,167.67,167.46,167.46,169.29,169.29,178.31,178.31,179.52,179.52,180.24,180.24,182.08,182.08,186.57,186.57,186.99,186.99,187.3,187.3,182.72,182.72,181.73,181.73,179.49,179.49,182.81,182.81,182.16,182.16,185.21,185.21,194.13,194.13,189.06,189.06,186.42,186.42,185.41,185.41,185.07,185.07,184.47,184.47,184.64,184.64,182.53,182.53,178.62,178.62,183.33,183.33,186.85,186.85,190.19,190.19,196.13,196.13,191.94,191.94,190.2,190.2,190.05,190.05,185.77
,05,Extracción de carbón de piedra y lignito,100,102.16,98.1,107.48,100.21,99.88,103.81,104.12,114.97,118.18,105.65,108.91,119.17,127.12,127.07,130.68,113.76,118.62,112.05,106.6,116.43,115.92,116.43,126.56,127.57,126.35,116.66,112.64,111.98,106.76,111.87,117.32,117.28,114.06,119.92,117.75,121.64,121.16,126.3,116.12,113.2,119.16,121.64,122.54,117.93,120.63,120.36,125.43,122.22,126.62,128.58,126.95,116.97,116.97,113.51,108.3,95.94,92.58,96.47,91.3,87.79,82.06,78.79,89.5,87.84,80.16,76.39,89.26,89.48,95.68,97,97.78,90.36,92.48,94.18,96.58,94.43,98.57,97.37,96.66,99.11,104.09,105.17,112.01,110.97,112.17,114.17,131.58,132.03,138.89,141.96,152.48,160.32,191.08,193.91,199,201.09,178.32,204.43,209.16,217.51,236.58,249.8,345.53,300.7,320.34,322.13,281.01,277.8,304.65,306.58,296.52,294.83,316.75,297.12,245.71,276.51,273.04,266.91,274.91,281.19,240.44,231.29,220.44,222.92,208.62,194.6,187.01,183.41,181,171.65,152.5,154.42,149.68,149.64,144.21,147.18,140.52,142.93,149.55,146.06,140.98,143.89,135.06,140.99,127.91,132.29,133.47,126.14,117.86,121.1,132.13,121.81,112.1,116.82,120.62,121.41,115.34,118.8,121.25,123.24,129.15,126.6,127.67,129.2,134.44,134.56,135.81,128.42,126.45,119.33,113.73,115.21,111.35,112.24,114.99,115.05,111.5,118.08,115.56,113.63,114.6,115.2,117.45,120.42,115.77,115.68,114.53,112.84,108.22,113.57,114.63,113.73,115.76,116.03,113.66,114.82,121.82,122.61,119.93,121.77,126.75,127.31,123.95,122.46,116.45,113.2,109.72
,06,Extracción de petróleo crudo y gas natural,100,86.21,69.58,85.22,81.36,83.93,93.8,96.72,96.41,88.74,84.16,83.15,80.66,68.02,63.01,67.44,70.02,74.29,79.84,81.49,77.56,77.22,79.9,85.2,77.26,77.02,76.46,74.23,74.31,72.44,67.8,72.85,76.58,80.95,83.98,94.07,95.51,97.91,92.33,92.91,98.37,110.33,107.51,107.01,106.12,118.73,125.51,106.1,93.74,94.41,101.33,104.88,115,121.39,108.93,107.72,106.09,112.45,107.51,112,117.56,111.23,99.31,64.72,40.74,55.13,75.63,83.08,88.38,80.57,82.03,83.94,89.48,99.4,100.83,114.01,113.27,121.6,120.78,120.64,121.6,129.41,128.23,134.75,136.64,142.45,143.39,138.17,138.07,143.24,141.51,155.61,154.89,155.5,155.3,146.05,145.24,164.93,165.01,176.12,180.71,208.27,210.81,196.91,197.75,219.31,221.71,226.58,224.13,226.3,227.37,213.46,205.64,196.13,192.66,208.93,209.3,216.1,213.4,186.31,185.64,186.51,182.11,184.16,183.36,175.46,176.42,176.33,173.6,160.36,158.48,147.05,149.35,150.9,152.87,160.76,163.56,172.63,177.5,179.8,178.14,158.88,155.77,144.88,143.23,144.34,143.89,148.23,148.25,151.74,154.58,161.29,159.73,148.63,151.28,157.73,157.64,159.86,159.41,151.53,152.15,147.12,145.14,154.49,150.51,152.54,152.9,151.55,152.44,160.26,159.31,149.07,149.82,142.91,143.09,137.93,139.1,133.4,132.47,140.15,141.5,139.61,139.4,139.08,138.35,134.41,133.89,125.59,123.87,120.5,119.57,116.59,116.56,116.84,115.32,122.06,120.17,160.42,169.24,168.08,169.52,180.01,182.52,142.03,145.27,130.27,130.32,129.39
,07,Extracción de minerales metalíferos,100,100.23,101.01,98.93,101.5,101.48,101.48,101.88,106.98,122.34,116.52,111.49,112,120.75,125.08,136.17,136.15,128.47,121.8,121.81,125.34,129.48,131.31,132.29,132.14,132.12,132.12,135.56,137.86,137.86,136.48,139.13,141.75,143.45,139.26,143.49,142.95,141.17,141.05,144.93,141.6,137.91,138.31,134.73,132.41,135.02,135.45,135.46,135.46,135.44,135.45,135.47,135.46,135.47,135.45,135.45,135.47,135.46,135.47,135.48,135.49,135.48,135.47,135.52,135.5,135.5,135.51,135.56,135.59,135.61,135.62,135.62,135.63,135.65,135.65,135.68,135.68,135.76,135.76,135.77,135.77,135.86,135.86,135.86,135.86,135.9,135.9,135.91,135.91,135.89,135.89,135.91,135.91,135.93,135.93,135.93,135.93,135.97,135.97,135.96,135.96,135.96,135.96,135.96,135.96,135.93,135.93,135.89,135.89,135.92,135.92,135.9,135.9,135.9,135.9,135.95,135.95,136.06,136.06,136.06,136.06,136.11,136.11,136.13,136.13,136.11,136.11,136.05,136.05,135.99,135.99,135.92,135.92,135.89,135.89,135.88,135.88,135.87,135.87,135.88,135.88,135.86,135.86,135.86,135.86,135.85,135.85,135.85,135.85,135.88,135.88,135.93,135.93,136.02,136.02,136.03,136.03,136,136,135.94,135.94,136,136,136.07,136.07,136.07,136.07,136.05,136.05,136.05,136.05,136.06,136.06,136.12,136.12,136.12,136.12,136.11,136.11,136.12,136.12,136.23,136.23,136.02,136.02,136.01,136.01,136.08,136.08,136.06,136.06,136.13,136.13,136.15,136.15,136.18,136.18,136.18,136.18,136.16,136.16,136.28,136.28,136.22,136.22,136.11,136.11,136.11
,08,Extracción de otras minas y canteras,100,102.39,103.21,110.24,106.51,105.13,110.13,117.75,130.31,132.46,126.63,129.17,140.05,141.55,144.72,135.57,129.25,128.81,129.11,127.76,127.81,125.92,126.45,133.76,129.74,126.97,124.16,127.21,123.68,126.07,127.17,131.08,128.21,125.75,125.75,128.22,127.29,122.08,121.71,121.38,117.7,121.72,122.99,122.79,125.7,129.27,130.84,136,136.64,134.56,132.66,132.99,134.29,140.63,138.55,136.34,145.22,144.54,146.58,145.17,144.39,140.96,145.03,164.53,169.64,164.4,157.15,155.61,161.2,159.57,163.11,156.62,147.65,148.7,148.7,151.17,151.17,153.67,153.67,155.28,155.28,159.23,159.23,156.87,156.87,163.07,163.07,165.43,165.43,162.54,162.54,160.5,160.5,165.98,165.98,168.58,168.58,170.24,170.24,167.59,167.59,162.05,162.05,161.55,161.55,171.39,171.39,166.04,166.04,186.98,186.98,183.97,183.97,188.63,188.63,200.64,200.64,209.71,209.71,203.67,203.67,200.52,200.52,204.37,204.37,202.59,202.59,192.6,192.6,193.17,193.17,179.35,179.35,173.09,173.09,173.06,173.06,170.57,170.57,179.54,179.54,172.06,172.06,168.57,168.57,166.81,166.81,167.31,167.31,166.33,166.33,164.5,164.5,164.45,164.45,172.53,172.53,171.67,171.67,172.74,172.74,178.38,178.38,180.87,180.87,187.72,187.72,186.6,186.6,183.55,183.55,175.85,175.85,175.76,175.76,181.87,181.87,179.02,179.02,175.14,175.14,171.97,171.97,172.48,172.48,166.99,166.99,164.98,164.98,160.87,160.87,161.57,161.57,157.44,157.44,156.28,156.28,158.16,158.16,153.75,153.75,158.39,158.39,149.13,149.13,139.53,139.53,133.05
,10,Elaboración de productos alimenticios,100,101.78,104.07,105.02,104.86,104.73,104.5,104.9,106.4,107.58,108.21,109.49,111.28,113.36,116.06,116.05,115.66,115.83,116.4,116.77,117.06,116.97,117.3,117.73,117.69,117.66,117.41,117.18,116.44,116.09,116,115.87,115.67,115.19,115.03,114.92,114.93,114.49,114.95,114.38,114.41,114.55,114.48,114.04,113.78,113.89,113.92,114.93,115.38,115.82,115.68,115.87,116.46,117.45,117.35,117.78,118.4,118.55,118.96,119.96,121.09,122.45,123.23,125.26,126.54,125.43,124.97,125.45,125.95,126.04,126.31,126.56,127,128.37,128.44,129.49,129.55,131.05,130.97,133.67,133.77,136.67,136.58,139.85,139.77,141.29,141.34,143.34,143.54,144.91,145.12,146.58,146.77,150.15,150.99,154.18,154.45,157.19,157.81,161.17,161.36,164.39,164.61,168.74,169.02,173.65,173.92,175.61,175.55,180.71,180.98,181.73,181.81,184.03,183.96,186.43,186.23,188.27,188.31,188.63,188.37,189.73,189.75,192.33,192.38,193.04,192.98,193.43,193.58,193.61,193.65,192.27,192.09,189.3,189.2,188.77,188.65,187.37,187.3,186.8,186.89,187.16,187.44,186.49,186.57,187.7,187.68,187.89,187.87,186.22,186.29,186.05,186.35,186.6,186.67,186.74,186.84,187.06,187.18,187.52,187.4,188.09,188.27,189.01,188.78,190.84,191.16,193.49,193.22,194.98,194.92,195.27,195.4,195.23,195.15,197.29,197.34,197.72,197.76,196.79,196.75,194.65,194.61,194.33,194.5,194.41,194.59,193.94,193.99,194.23,193.99,194.06,194.14,194.15,194.2,195.36,195.37,195.27,195.26,195.15,195.14,195.76,195.66,194.07,193.9,192.84,193,192.4
,11,Elaboración de bebidas,100,100.23,99.98,100.12,100.27,100.46,100.48,100.49,101.37,101.61,101.73,101.71,103.49,104.98,105.06,105.18,106.07,106.11,106.25,106.35,106.89,106.86,107.45,107.58,107.59,108.15,110.89,110.77,111,111.03,111.27,111.28,111.27,111.29,111.4,112.06,112.02,112.25,112.75,113.19,113.33,114.18,114.19,114.55,115.01,115.12,114.77,115.22,115.7,115.99,116.7,115.2,116.36,117.26,117.39,117.45,117.7,118,117.97,118,118,118.19,118.19,118.71,119.14,119.14,119.12,119.12,118.22,117.74,117.76,117.96,117.98,119.28,119.28,119.64,119.64,119.75,119.75,119.8,119.8,119.85,119.85,119.89,119.89,119.91,119.91,119.91,119.91,121.5,121.5,121.66,121.66,121.88,121.88,122.9,122.9,123.53,123.53,124.25,124.25,124.88,124.88,124.97,124.97,125,125,125.09,125.09,125.15,125.15,125.28,125.28,127.45,127.45,127.66,127.66,129.89,129.89,130.35,130.35,131.21,131.21,134.36,134.36,134.99,134.99,135.91,135.91,135.97,135.97,135.98,135.98,134.94,134.94,135.26,135.26,135.94,135.94,135.96,135.96,135.61,135.61,136.57,136.57,137.11,137.11,137.32,137.32,138.61,138.61,138.73,138.73,138.78,138.78,138.83,138.83,138.84,138.84,139.07,139.07,139.91,139.91,140.27,140.27,133.36,133.36,140.4,140.4,141.34,141.34,141.7,141.7,142.31,142.31,142.59,142.59,142.91,142.91,142.84,142.84,142.83,142.83,143.54,143.54,143.26,143.26,143.24,143.24,144.58,144.58,144.67,144.67,144.78,144.78,145.48,145.48,147.42,147.42,147.85,147.85,147.86,147.86,148.01,148.01,147.97,147.97,147.98
,12,Elaboración de productos de tabaco,100,102.81,105.63,106.59,106.1,105.75,106.4,107.38,109.01,109.31,108.55,108.88,108.16,108.33,110.49,115.2,116.83,116.57,116.74,116.74,116.75,116.54,116.6,117.55,117.32,117.01,121.82,122.18,121.76,122.04,122.17,122.63,122.29,122,121.98,121.95,121.85,123.41,123.36,123.33,122.9,125.27,125.42,125.42,125.76,126.17,126.17,128.86,128.93,135.38,135.17,135.21,135.35,136.05,135.82,135.57,136.55,136.47,136.7,136.54,136.46,146.31,146.76,148.9,148.9,148.9,148.9,148.9,148.9,148.9,148.9,148.9,148.9,169.25,169.25,169.25,169.25,169.25,169.25,169.25,169.25,169.25,169.25,169.25,169.25,169.25,169.25,169.25,169.25,169.25,169.25,169.25,169.25,169.25,169.25,169.25,169.25,169.25,169.25,169.25,169.25,169.25,169.25,169.2,169.2,170.29,170.29,170.29,170.29,170.29,170.29,169.98,169.98,169.98,169.98,169.98,169.98,169.98,169.98,169.44,169.44,169.16,169.16,169.51,169.51,169.35,169.35,168.45,168.45,168.5,168.5,167.27,167.27,166.7,166.7,166.7,166.7,166.48,166.48,167.28,167.28,166.61,166.61,166.61,166.61,163.64,163.64,163.68,163.68,162.79,162.79,163.3,163.3,163.3,163.3,164.04,164.04,161.74,161.74,161.84,161.84,161.84,161.84,161.84,161.84,161.84,161.84,161.84,161.84,161.84,161.84,161.84,161.84,161.83,161.83,162.38,162.38,162.38,162.38,162.02,162.02,168.61,168.61,168.61,168.61,168.11,168.11,161.05,161.05,161.05,161.05,161.05,161.05,160.66,160.66,160.66,160.66,160.66,160.66,160.66,160.66,160.66,160.66,159.81,159.81,159.05,159.05,159.05
,13,Fabricación de productos textiles,100,101.8,103.72,104.57,104.19,105.46,106.52,108.07,110.42,111.8,111.13,111.53,113.06,113.64,115.37,114.92,114.22,113.67,113.38,113.49,113.37,112.25,112.46,113.72,113.2,113.68,114.38,114.84,114.66,115.5,116.1,116.59,116.02,115.12,115.34,115.65,115.17,114.92,115.44,115.75,115.26,116.1,116.57,116.69,117.2,117.64,118.02,119.32,119.69,121.55,121.95,122.44,123.14,124.03,123.51,123.13,124.48,124.41,125.64,125.33,125.42,125.75,126.31,129.33,130.78,130.18,129.86,130.05,130.9,130.98,131.12,131.47,130.61,131.47,131.47,132.46,132.46,133.35,133.35,135.01,135.01,136.55,136.55,136.63,136.63,138.02,138.02,139.65,139.65,139.93,139.93,140.29,140.29,143.32,143.14,144,144,148.79,148.79,150.16,150.16,151.08,151.08,152.47,152.47,155.42,155.42,155.4,155.4,158.87,158.87,159,159,160.52,160.52,162.04,162.04,163.66,163.66,162.75,162.75,166.83,166.83,169,169,169.61,169.61,168.26,168.26,168.26,168.26,165.98,165.98,164.81,164.81,163.01,163.01,162.03,162.03,162.93,162.93,162.81,162.81,162.26,162.26,164.22,164.22,166.02,166.02,166.32,166.32,166.19,166.19,166.43,166.43,168.14,168.14,167.99,167.99,168.14,168.14,169.14,169.14,171.24,171.24,172.7,172.7,172.49,172.49,172.33,172.33,171.83,171.83,172.97,172.97,174.64,174.64,173.58,173.58,172.86,172.86,172.03,172.03,172.58,172.58,171.84,171.84,171.31,171.31,170.65,170.65,170.36,170.36,172.96,172.96,175.29,175.29,176.19,176.19,175.53,175.53,176.98,176.98,175.35,175.35,173.71,173.71,172.52
,14,Confección de prendas de vestir,100,100.37,100.48,101.43,101.26,101.09,101.96,102.82,103.97,104.26,103.72,104.21,105.38,106.71,106.25,106.28,105.67,105.8,106.08,105.14,106.3,106.18,106.32,107.06,106.61,105.9,106.48,107.18,106.77,107.09,107.27,107.73,107.49,107.26,107.45,107.8,107.76,107.44,107.99,107.81,107.47,108.08,108.28,108.23,107.9,108.96,109.18,109.88,109.93,109.93,109.84,109.76,110.04,110.87,110.97,110.8,111.59,111.55,111.76,111.73,111.74,111.41,112.02,113.35,113.77,112.93,113.24,112.8,113.78,113.79,114.57,114.18,113.56,113.61,113.61,114.2,114.2,114.54,114.54,114.84,114.84,115.29,115.29,115.2,115.2,115.76,115.76,115.96,115.96,115.73,115.73,116.1,116.1,116.79,116.82,117.2,117.2,117.01,117.01,117.81,117.81,119.34,119.34,119.89,119.89,121.02,121.02,120.63,120.63,122.69,122.69,122.69,122.69,123.82,123.82,124.97,124.97,126.06,126.06,125.76,125.76,127.09,127.09,128.95,128.95,129.82,129.82,130.43,130.43,130.34,130.34,129.62,129.62,129.89,129.89,129.78,129.78,129.75,129.75,130.45,130.45,130.09,130.09,130,130,130.94,130.94,131.37,131.37,131.86,131.86,131.43,131.43,131.86,131.86,132.67,132.67,132.93,132.93,133.57,133.57,134.66,134.66,135.16,135.16,135.45,135.45,135.1,135.1,135.64,135.64,135.63,135.63,136.06,136.06,136.56,136.56,136.74,136.74,136.93,136.93,136.57,136.57,136.83,136.83,136.85,136.85,136.64,136.64,136.97,136.97,137.43,137.43,137.29,137.29,137.67,137.67,138.67,138.67,138.83,138.83,139.84,139.84,137.8,137.8,135.82,135.82,134.97
,15,"Curtido y recurtido de cueros; fabricación de calzado; fabricación de artículos de viaje, maletas, bolsos de mano ",100,100.35,101.17,102.13,102.1,102.01,102.1,102.65,103.26,104.04,103.87,103.62,104.45,105.08,105.89,105.64,104.95,105.79,105.8,105.62,105.57,105.35,105.17,105.96,105.96,106.08,106.76,107.1,106.94,107.31,107.55,107.91,107.47,107.21,106.73,107.17,107.15,106.16,106.26,106.88,106.35,106.41,106.59,106.56,106.71,106.98,107.09,107.78,107.8,107.57,107.48,107.62,107.94,108.78,108.68,108.42,108.98,108.92,109.07,109.05,109.06,108.86,109.83,110.8,110.98,110.84,110.74,110.69,111.01,110.9,111.27,111.55,111.37,111.38,111.38,111.25,111.25,112.02,112.02,112.3,112.3,113.33,113.33,113.44,113.44,114.36,114.36,114.79,114.79,114.85,114.85,116.95,116.95,119.23,119.56,120.66,120.66,121.32,121.32,125.39,125.39,126.03,126.03,125.52,125.52,127.65,127.65,128.91,128.91,132.1,132.1,132.7,132.7,132.84,132.84,134.43,134.43,135.53,135.53,135.92,135.92,136.96,136.96,141.18,141.18,141.05,141.05,140.91,140.91,141.38,141.38,140.26,140.26,138.74,138.74,138.6,138.6,138.35,138.35,139.4,139.4,138.47,138.47,137.9,137.9,138.07,138.07,139.19,139.19,139,139,139.47,139.47,139.95,139.95,141.6,141.6,141.43,141.43,141.94,141.94,142.26,142.26,142.71,142.71,142.63,142.63,142.87,142.87,142.84,142.84,143.09,143.09,143.65,143.65,143.96,143.96,144.25,144.25,143.9,143.9,143.37,143.37,143.43,143.43,142.69,142.69,142.39,142.39,142.15,142.15,142.05,142.05,140.88,140.88,143.32,143.32,146.09,146.09,146.57,146.57,146.76,146.76,146.53,146.53,146.13,146.13,145.81
,16,"Transformación de la madera y fabricación de productos de madera y de corcho, excepto muebles; fabricación de ",100,101.24,102.23,102.4,102.79,102.76,102.89,103.08,103.43,103.58,103.5,103.76,104.03,104.68,105.6,105.7,105.63,105.64,105.57,105.68,105.76,105.76,106.13,106.22,106.15,107.91,108.69,109.07,109.2,109.16,109.15,109.41,109.42,109.34,109.36,109.46,109.46,110.71,111,111.22,111.23,111.34,111.17,111.26,111.36,111.43,111.55,111.62,111.67,112.92,113.09,113.24,113.27,113.41,113.38,113.38,113.53,113.48,113.06,113.27,113.27,114.84,115.07,115.34,115.38,115.13,115.09,115.31,115.63,115.59,115.63,115.54,115.59,115.96,115.96,116.1,116.1,116.31,116.31,116.37,116.37,117.96,117.96,118.54,118.54,118.63,118.63,118.71,118.71,119.03,119.03,119.19,119.19,121.25,121.26,121.52,121.52,123.94,123.94,124.71,124.71,125.1,125.1,125.09,125.09,125.53,125.53,125.48,125.48,125.79,125.79,126.62,126.62,128.76,128.76,129.24,129.24,129.29,129.29,129.41,129.41,133.02,133.02,135.49,135.49,137.24,137.24,137.01,137.01,137.15,137.15,136.79,136.79,136.79,136.79,137.25,137.25,137.19,137.19,137.37,137.37,137.28,137.28,137.29,137.29,138.72,138.72,142.79,142.79,143.12,143.12,143.65,143.65,143.71,143.71,144.14,144.14,143.42,143.42,143.66,143.66,143.73,143.73,143.78,143.78,143.9,143.9,143.88,143.88,146.33,146.33,146.25,146.25,147.05,147.05,147.51,147.51,149.03,149.03,149.12,149.12,149.03,149.03,148.92,148.92,148.96,148.96,148.97,148.97,148.87,148.87,148.98,148.98,152,152,153.33,153.33,153.88,153.88,154.12,154.12,154.38,154.38,154.15,154.15,153.97,153.97,153.94
,17,"Fabricación de papel, cartón y productos de papel y cartón",100,101.03,101.41,103.63,102.9,100.86,102.06,103.97,106.82,109.95,108.68,109.33,112.02,113.76,115.3,113.21,112.13,111.81,111.95,112.08,112.12,111.69,111.56,113.19,112.47,112.84,112.6,113.5,113.05,113.61,113.91,114.77,114.58,114.19,114.06,114.77,114.68,113.94,114.43,114.47,113.85,114.96,115.06,115.11,115.76,116.6,117.46,118.53,119.22,118.98,118.87,118.95,119.49,121.08,120.76,121.19,123.16,122.93,123.5,123.11,123.1,123,123.62,127.86,127.68,127.53,126.52,126.22,125.76,125.13,125.85,124.52,122.76,123.78,123.78,125.39,125.39,126.11,126.11,126.45,126.45,127.36,127.36,127.12,127.12,127.62,127.62,128.2,128.2,129.08,129.08,130.75,130.75,133.33,133.36,134.25,134.25,139.75,139.75,140.52,140.52,143.42,143.42,146.31,146.31,153.72,153.72,154.53,154.53,162,162,163.66,163.66,165.99,165.99,169.38,169.38,175.35,175.35,174.68,174.68,177.67,177.67,179.27,179.27,179.95,179.95,175.72,175.72,175.84,175.84,173.17,173.17,171.03,171.03,169.96,169.96,168.88,168.88,167.35,167.35,164.63,164.63,163.69,163.69,165.09,165.09,165.91,165.91,165.75,165.75,165.94,165.94,165.91,165.91,168.44,168.44,170.64,170.64,171.33,171.33,172.91,172.91,173.68,173.68,174.63,174.63,174.41,174.41,175.05,175.05,174.03,174.03,173.95,173.95,175.22,175.22,175.2,175.2,174.93,174.93,173.11,173.11,173.56,173.56,173.34,173.34,171.69,171.69,170.89,170.89,171.1,171.1,170.94,170.94,171.23,171.23,172.33,172.33,172.14,172.14,173.92,173.92,172.01,172.01,169.99,169.99,169.73
,18,Actividades de impresión y de producción de copias a partir de grabaciones originales,100,102.23,102.29,102.39,99.23,99.24,99.29,94.56,108.07,118.77,135.34,135.71,141.61,143.6,142.55,143.78,145.01,144.96,144.95,145.22,144.96,144.95,144.98,144.98,144.22,145.91,145.63,145.63,146.25,146.42,146.35,146.26,147.01,147.19,147.17,147.16,147.16,148.99,150.26,150.26,150.31,150.17,150.06,147.71,147.82,147.72,147.77,147.82,148.86,151.16,151.32,151.27,151.27,151.27,151.65,151.65,151.67,151.74,151.81,151.42,151.42,151.47,153.48,153.27,153.42,155.99,155.6,156.01,155.44,155.61,155.61,155.74,155.45,155.58,155.58,156,156,156.31,156.31,155.8,155.8,155.69,155.69,155.75,155.75,155.74,155.74,155.74,155.74,155.74,155.74,158.37,158.37,161.78,161.76,161.7,161.7,161.94,161.94,163.56,163.56,165.84,165.84,166.53,166.53,166.48,166.48,167.5,167.5,172.4,172.4,172.7,172.7,172.74,172.74,172.83,172.83,173.14,173.14,173.24,173.24,178.94,178.94,179.35,179.35,179.35,179.35,179.35,179.35,179.39,179.39,178.83,178.83,178.94,178.94,176.9,176.9,176.75,176.75,176.74,176.74,176.84,176.84,176.81,176.81,176.93,176.93,177.05,177.05,177.03,177.03,177.08,177.08,177.41,177.41,177.49,177.49,179.61,179.61,180.08,180.08,180.19,180.19,180.15,180.15,178.16,178.16,178.22,178.22,178.44,178.44,178.71,178.71,177.6,177.6,177.64,177.64,177.69,177.69,177.53,177.53,177.48,177.48,177.47,177.47,177.48,177.48,177.46,177.46,175.24,175.24,175.18,175.18,175.21,175.21,175.24,175.24,175.03,175.03,175.32,175.32,175.26,175.26,175.28,175.28,175.19,175.19,175.21
