nombre_estacion,departamento,municipio,latitud,longitud,ene,feb,mar,abr,may,jun,jul,ago,sep,oct,nov,dic,indicador
Aeropuerto Vásquez Cobo,AMAZONAS,LETICIA,-4.19,-69.94,4155.5,3926.0,4092.8,4060.2,3743.5,3817.5,4244.0,4597.1,4829.2,4555.1,4500.2,4195.5,Radiacion_Solar_Global
Puerto Nariño,AMAZONAS,PUERTO NARIÑO,-3.78,-70.36,3872.3,3683.4,3929.5,3730.2,3417.0,3262.5,3825.9,4089.3,4414.1,4074.7,4003.7,3780.2,Radiacion_Solar_Global
Pista Indira,ANTIOQUÍA,APARTADÓ,7.94,-76.7,4225.3,4791.7,4154.1,4120.6,4092.7,3820.2,4131.5,4319.9,4134.3,4366.1,4009.6,3830.3,Radiacion_Solar_Global
Chigorodó,ANTIOQUÍA,CHIGORODÓ,7.67,-76.69,4631.4,5436.4,4611.7,4299.6,4131.8,3726.7,3932.7,4253.6,4263.8,4525.7,3929.5,4414.2,Radiacion_Solar_Global
Maceo,ANTIOQUÍA,MACEO,6.57,-74.79,4444.3,4571.4,4380.3,4404.3,4540.2,5084.4,5296.9,5395.9,5426.1,4520.4,3974.4,4144.6,Radiacion_Solar_Global
Aeropuerto Olaya Herrera,ANTIOQUÍA,MEDELLÍN,6.22,-75.59,4382.6,4091.3,4295.7,4165.2,4050.5,4321.6,4668.1,4605.7,4595.1,4419.0,3958.3,4149.4,Radiacion_Solar_Global
Aeropuerto Olaya Herrera,ANTIOQUÍA,MEDELLÍN,6.22,-75.59,4472.8,4532.5,4228.0,4110.5,4300.2,4571.7,4856.0,4882.0,4371.3,4215.3,3919.0,4030.4,Radiacion_Solar_Global
Metromedellin,ANTIOQUÍA,MEDELLÍN,6.33,-75.55,4391.2,4738.2,4318.7,4331.6,4300.3,4802.5,4986.4,4862.0,4861.2,4155.0,4071.5,4251.5,Radiacion_Solar_Global
Aeropuerto Jose María Córdoba,ANTIOQUÍA,RIONEGRO,6.17,-75.43,4454.2,4839.2,4405.7,4540.4,5151.5,5936.7,6357.6,6211.8,5637.1,4562.0,3916.0,4463.2,Radiacion_Solar_Global
La Selva,ANTIOQUÍA,RIONEGRO,6.13,-75.41,4183.1,4279.8,4092.2,4242.2,4731.0,5214.7,5393.6,5153.6,4796.8,4377.0,3953.9,4306.9,Radiacion_Solar_Global
Santa Bárbara,ANTIOQUÍA,SANTA BARBARA,5.86,-75.56,5152.8,5103.3,4904.1,4528.5,4528.4,5027.6,5423.4,5056.9,5073.2,4699.0,4468.2,4469.7,Radiacion_Solar_Global
Aragón,ANTIOQUÍA,SANTA ROSA DE OSOS,6.78,-75.56,4210.2,4253.7,3794.7,3731.6,3897.1,4553.6,4857.6,4784.4,4789.4,3856.3,3528.5,3850.4,Radiacion_Solar_Global
Hacienda Cotové,ANTIOQUÍA,SANTAFÉ DE ANTIOQUIA,6.53,-75.83,4502.2,4766.9,4630.8,4924.7,4837.6,4778.5,4962.8,5009.8,4817.2,4635.0,4437.3,4236.8,Radiacion_Solar_Global
Rio Claro,ANTIOQUÍA,SONSON,5.86,-74.85,4199.3,4188.0,4112.1,4762.9,4818.3,4650.9,4956.9,4898.0,4788.0,4184.2,4281.8,4200.9,Radiacion_Solar_Global
Santa Isabel-Valdivia,ANTIOQUÍA,VALDIVIA,7.16,-75.44,4018.2,4197.1,4053.7,3978.8,3976.7,4276.8,4630.9,4575.3,4512.5,4188.8,4097.1,4059.6,Radiacion_Solar_Global
Vegachí,ANTIOQUÍA,VEGACHÍ,6.77,-74.8,4364.9,4419.2,4177.8,4195.5,4394.3,4918.1,5216.9,5055.9,4911.2,4330.3,4174.1,4279.5,Radiacion_Solar_Global
Aeropuerto Santiago Pérez,ARAUCA,ARAUCA,7.07,-70.74,5156.3,4484.1,4617.1,4395.5,4292.6,4204.0,4299.1,4416.1,4895.9,4702.5,4786.5,5212.4,Radiacion_Solar_Global
Las Flores,ATLÁNTICO,BARRANQUILLA,11.04,-74.82,6212.7,6025.0,6297.6,5660.4,5566.3,5696.4,5830.2,5520.2,5060.8,4800.3,4899.6,5627.4,Radiacion_Solar_Global
Repelón,ATLÁNTICO,REPELÓN,10.49,-75.13,5592.7,5763.0,5799.6,5747.3,4962.6,5494.7,5581.5,5475.8,5313.3,4595.5,4724.3,5327.4,Radiacion_Solar_Global
Aeropuerto Ernesto Cortissoz,ATLÁNTICO,SOLEDAD,10.92,-74.78,5718.6,5950.0,5640.9,5090.3,4279.2,4716.3,4855.8,4894.7,4952.0,4288.8,4426.3,5380.4,Radiacion_Solar_Global
Carmen de Bolívar,BOLÍVAR,CARMEN DE BOLÍVAR,9.72,-75.11,4763.7,5120.2,5124.2,4895.3,4607.7,5217.8,5302.6,5154.6,4548.0,4173.5,4182.5,4473.3,Radiacion_Solar_Global
Aeropuerto Rafael Núñez,BOLÍVAR,CARTAGENA,10.45,-75.52,6194.8,6260.3,6378.8,6012.8,4951.4,4988.7,5644.2,5213.1,5291.3,5014.5,4988.2,5441.3,Radiacion_Solar_Global
Aquitania,BOYACÁ,AQUITANIA,5.56,-72.88,5224.2,5426.7,4704.9,4227.0,4038.7,4057.2,3950.3,4045.8,4318.5,4420.6,4448.7,5051.5,Radiacion_Solar_Global
Chinavita,BOYACÁ,CHINAVITA,5.22,-73.35,3534.1,3491.7,3076.8,2806.7,2659.8,2538.3,2384.1,2599.3,2754.1,3155.5,3225.7,3567.5,Radiacion_Solar_Global
Esclusa Tolón,BOYACÁ,CHIQUINQUIRÁ,5.62,-73.78,4856.7,4141.4,4626.4,3980.9,3855.3,4400.8,5213.7,4458.9,4685.7,4313.6,4385.7,4084.5,Radiacion_Solar_Global
La sierra,BOYACÁ,DUITAMA,5.97,-73.16,4472.3,4428.3,4064.9,3990.4,4095.4,4297.7,4292.7,4387.1,4349.2,4074.5,3886.8,4453.0,Radiacion_Solar_Global
Surbata Bonza,BOYACÁ,DUITAMA,5.8,-73.07,4932.3,4939.8,4988.8,4741.5,4642.7,4407.6,4548.5,4637.0,4701.1,4785.6,4827.2,4953.0,Radiacion_Solar_Global
La Capilla,BOYACÁ,LA CAPILLA,5.1,-73.44,4859.7,4935.5,4412.8,4118.4,4046.0,3552.4,3405.8,3695.2,4452.8,4747.4,4637.9,4903.9,Radiacion_Solar_Global
Belencito,BOYACÁ,NOBSA,5.78,-72.89,4686.0,4775.3,4541.8,3789.5,3996.1,4364.1,4476.5,4694.1,4329.6,4106.7,4142.5,4705.7,Radiacion_Solar_Global
Tunguavita,BOYACÁ,PAIPA,5.75,-73.12,5440.6,5372.9,4733.9,4309.5,4301.6,4333.2,4420.2,4376.1,4330.7,4518.5,4726.1,5144.6,Radiacion_Solar_Global
San Miguel De Sema,BOYACÁ,SAN MIGUEL DE SEMA,5.52,-73.72,4716.0,4190.3,4821.8,4315.9,4120.5,4155.4,4419.4,4388.0,4542.7,3708.8,4150.7,4460.1,Radiacion_Solar_Global
San Pablo de Borbur,BOYACÁ,SAN PABLO DE BORBUR,5.65,-74.07,4692.1,4471.0,4128.1,4522.1,4180.8,4598.8,4718.9,4925.9,4972.6,4771.4,4604.2,4817.4,Radiacion_Solar_Global
Santa María,BOYACÁ,SANTA MARÍA,4.84,-73.26,3935.8,3737.6,3256.9,3245.3,3072.9,2850.1,2861.5,3346.4,4063.5,4016.0,3631.2,3679.1,Radiacion_Solar_Global
Socha,BOYACÁ,SOCHA,5.99,-73.0,5069.9,5244.5,4717.1,4271.2,4312.1,4243.7,4344.7,4337.0,4190.5,4311.4,4344.7,4846.4,Radiacion_Solar_Global
Sogamoso,BOYACÁ,SOGAMOSO,5.75,-72.91,5246.0,5174.4,4656.8,4112.1,4217.8,4156.9,4348.4,4255.0,4212.4,4392.9,4550.4,5132.5,Radiacion_Solar_Global
U P T C,BOYACÁ,TUNJA,5.54,-73.36,5061.0,4979.7,4855.5,4479.6,4198.1,4143.0,4167.1,4289.4,4412.5,4537.3,4341.2,4548.1,Radiacion_Solar_Global
Villa de Leyva,BOYACÁ,VILLA DE LEYVA,5.66,-73.54,4737.2,4705.0,4501.9,4185.6,4001.8,4191.2,4301.3,4454.2,4434.7,4382.4,4026.2,4354.7,Radiacion_Solar_Global
Zetaquira,BOYACÁ,ZETAQUIRA,5.29,-73.17,4344.4,4285.8,3823.2,3694.5,3506.6,3093.7,2862.9,3161.4,3529.7,3904.2,4034.1,4237.5,Radiacion_Solar_Global
E.M.A.S.,CALDAS,MANIZALES,5.09,-75.51,4116.3,4051.2,3783.9,3670.8,3508.3,3584.7,4046.0,4004.1,4114.5,3705.9,3486.6,3729.0,Radiacion_Solar_Global
Villamaría,CALDAS,VILLAMARÍA,5.05,-75.51,4529.4,4440.3,4299.7,4068.0,3895.9,3886.1,4204.5,4204.1,4351.1,4143.7,4064.1,4223.7,Radiacion_Solar_Global
Maguare,CAQUETÁ,EL DONCELLO,1.64,-75.16,4407.6,4128.1,3630.6,3309.3,3492.4,3013.8,3292.8,3706.4,4051.9,4302.1,4112.8,4678.6,Radiacion_Solar_Global
Florencia,CAQUETÁ,FLORENCIA,1.62,-75.6,3738.2,3703.9,3383.5,3588.2,3065.0,3170.2,3225.2,3084.6,3542.0,3521.3,3957.8,3763.2,Radiacion_Solar_Global
Florencia - deslizamiento,CAQUETÁ,FLORENCIA,1.73,-75.65,3825.7,3728.5,3281.1,3337.0,3093.7,3012.7,3027.5,3301.6,3726.6,3644.2,3542.5,3709.4,Radiacion_Solar_Global
Macagual - Florencia,CAQUETÁ,FLORENCIA,1.5,-75.66,4082.3,3952.6,3349.6,3485.4,3004.8,3193.8,3137.7,3577.7,3770.0,3939.0,3951.1,3918.7,Radiacion_Solar_Global
San Vicente del Caguan,CAQUETÁ,SAN VICENTE DEL CAGUÁN,2.06,-74.76,4816.8,4553.2,4117.6,4020.5,4038.4,3674.4,3776.4,4182.5,4940.3,4735.4,4670.3,4889.2,Radiacion_Solar_Global
Araracuara,CAQUETÁ,SOLANO,-0.62,-72.38,4082.0,3761.7,3836.1,4018.8,3746.3,3301.8,4039.1,4227.2,4370.3,4343.3,4091.3,4053.5,Radiacion_Solar_Global
El Diamante,CASANARE,PAZ DE ARIPORO,5.82,-71.42,5288.9,5445.6,4949.7,4555.3,4635.4,4244.8,4246.6,4716.2,5231.6,5276.8,4979.8,5128.2,Radiacion_Solar_Global
Aeropuerto Yopal (El Alcaraván),CASANARE,YOPAL,5.32,-72.39,5747.4,5595.0,4889.3,4511.8,4430.1,4357.2,4283.2,4528.4,5192.6,5129.7,5183.4,5521.8,Radiacion_Solar_Global
El Diviso,CAUCA,ARGELIA,2.31,-77.26,4172.6,4430.9,4461.1,4472.1,4780.2,5236.2,5330.0,5522.0,5454.3,4882.5,4241.9,4310.8,Radiacion_Solar_Global
Balboa,CAUCA,BALBOA,2.03,-77.22,3744.8,3576.4,3496.1,3366.4,3408.4,3609.7,4127.3,4642.1,4355.5,3743.9,3242.2,3473.9,Radiacion_Solar_Global
Aeropuerto Guapi,CAUCA,GUAPI,2.57,-77.89,3164.6,3338.1,3481.1,3839.5,3474.7,3465.0,3398.0,3726.0,3734.7,3316.3,2990.7,3186.5,Radiacion_Solar_Global
Gorgona,CAUCA,GUAPI,2.96,-78.17,3442.8,3908.9,3930.2,3461.5,2894.3,2592.0,2667.4,2947.2,3062.2,2951.0,2800.0,2898.9,Radiacion_Solar_Global
Inza,CAUCA,INZA,2.55,-76.06,4582.0,4473.9,4253.6,4213.0,3991.9,3736.9,3968.2,3801.9,4240.7,4346.0,4360.0,4435.5,Radiacion_Solar_Global
La Sierra,CAUCA,LA SIERRA,2.19,-76.75,4946.6,4865.3,4287.3,4030.6,4424.6,4611.6,4979.7,4932.9,4811.2,4602.9,4509.7,4847.4,Radiacion_Solar_Global
Estrecho Patía,CAUCA,PATIA,1.96,-77.12,5599.7,5094.1,4960.1,4842.2,4573.7,4603.1,4632.3,4919.9,5136.6,5093.4,4926.4,5077.5,Radiacion_Solar_Global
Arrayanales,CAUCA,POPAYÁN,2.45,-76.44,3151.9,3086.2,2551.2,2904.9,2942.6,3278.9,3924.6,3984.7,3657.3,2763.6,2439.8,2867.7,Radiacion_Solar_Global
ELTablazo,CAUCA,POPAYÁN,2.47,-76.58,4440.5,4574.0,4096.5,3938.2,3804.0,3894.9,4349.7,4579.1,4318.2,4004.6,3719.1,4116.9,Radiacion_Solar_Global
Aguachica,CESAR,AGUACHICA,8.12,-73.58,5102.1,5727.6,5355.8,4722.0,4951.0,5097.1,5624.1,5449.0,5099.9,4954.4,4406.5,4621.5,Radiacion_Solar_Global
Motilonia Codazzi,CESAR,AGUSTÍN CODAZZI,10.0,-73.25,4368.9,4597.2,4753.8,4607.4,4598.0,4475.3,4392.5,4468.9,4634.5,4648.6,4355.3,4445.6,Radiacion_Solar_Global
La Loma-Carbones del Cesar,CESAR,EL PASO,9.64,-73.52,5062.9,5804.5,5818.7,6036.8,5359.6,5693.5,6053.2,6002.9,5291.5,4774.8,4602.0,4776.9,Radiacion_Solar_Global
Fedearroz,CESAR,VALLEDUPAR,10.46,-73.25,5533.1,5844.0,5531.7,5629.6,5402.4,5648.2,5716.6,5482.3,5202.7,4982.0,4973.0,5227.2,Radiacion_Solar_Global
Capurgana,CHOCÓ,ACANDI,8.62,-77.33,4054.4,4016.9,4192.8,4205.0,3983.9,4555.6,4559.3,4523.2,4496.9,4365.9,3924.2,3897.2,Radiacion_Solar_Global
Aeropuerto Los Garzones,CÓRDOBA,MONTERIA,8.83,-75.83,4947.3,5089.9,4790.3,4714.2,4213.8,4451.6,4679.5,4765.1,4354.3,4133.8,4187.4,4565.4,Radiacion_Solar_Global
Eldorado Catam - AUT,CUNDINAMARCA,BOGOTÁ,4.71,-74.15,4695.0,4499.9,3957.2,3594.5,3500.9,3725.8,3810.3,4019.0,3887.3,3932.9,3945.5,4335.3,Radiacion_Solar_Global
Eldorado Didáctica,CUNDINAMARCA,BOGOTÁ,4.7,-74.15,4688.5,4335.4,4322.4,3716.7,3506.0,3658.9,3919.3,4168.5,3950.4,3964.8,4016.2,4199.1,Radiacion_Solar_Global
IDEAM Bogotá Centro,CUNDINAMARCA,BOGOTÁ,4.6,-74.07,3930.4,4009.3,3513.9,3559.5,3524.4,3757.5,4145.5,4205.1,4195.5,3494.3,3128.1,3530.0,Radiacion_Solar_Global
Nueva Generación,CUNDINAMARCA,BOGOTÁ,4.78,-74.09,4074.3,3983.7,3659.5,3383.7,3344.9,3513.7,3601.8,3730.3,3697.6,3474.4,3378.1,3746.7,Radiacion_Solar_Global
Universidad Nacional,CUNDINAMARCA,BOGOTÁ,4.64,-74.09,4551.6,4403.7,3575.8,3600.2,3620.9,3830.3,4029.0,4088.5,3935.2,3764.0,3649.3,4191.6,Radiacion_Solar_Global
Villa Teresa,CUNDINAMARCA,BOGOTÁ,4.35,-74.15,4611.1,4386.4,3713.0,3392.2,3690.3,3838.3,3945.3,3824.2,4016.2,3845.2,3676.2,4258.2,Radiacion_Solar_Global
La Iberia,CUNDINAMARCA,CHOCONTÁ,5.03,-73.72,4726.4,4235.6,4786.9,3986.8,3885.6,3814.6,3479.7,3339.0,4026.3,4517.1,4345.0,4232.2,Radiacion_Solar_Global
Represa del Neusa,CUNDINAMARCA,COGUA,5.15,-73.98,4626.4,4047.2,4254.3,3776.3,3633.2,3525.1,3700.7,4154.2,4254.3,3967.0,4036.8,4333.3,Radiacion_Solar_Global
La Ramada,CUNDINAMARCA,FUNZA,4.72,-74.18,4376.5,3930.7,4408.1,4036.3,4249.8,4152.4,4445.7,4618.1,4639.2,4585.3,4520.7,4743.6,Radiacion_Solar_Global
Universidad de Cundinamarca,CUNDINAMARCA,GIRARDOT,4.31,-74.81,5058.1,5102.0,4931.5,4964.6,4980.6,5108.7,5532.8,5699.0,5745.8,5416.7,4965.2,5092.0,Radiacion_Solar_Global
Santa Cruz de Siecha,CUNDINAMARCA,GUASCA,4.78,-73.87,4254.4,4154.6,3647.9,3534.5,3586.6,3703.8,3746.0,3662.0,3600.9,3670.8,3646.1,4096.4,Radiacion_Solar_Global
Tibaitatá,CUNDINAMARCA,MOSQUERA,4.69,-74.21,4753.2,4782.5,4133.3,3884.0,3620.9,3838.6,3894.6,4117.6,4202.0,4048.3,3985.8,4354.4,Radiacion_Solar_Global
Hacienda Santa Ana,CUNDINAMARCA,NEMOCÓN,5.09,-73.88,4852.4,4755.5,4050.5,3859.3,3943.4,4029.4,4132.0,4006.6,3914.1,4176.7,4232.7,4775.1,Radiacion_Solar_Global
Pasca,CUNDINAMARCA,PASCA,4.31,-74.31,4306.8,4127.2,3724.1,3859.5,3779.3,3823.5,3844.9,3923.6,4122.3,3927.8,3696.1,4131.5,Radiacion_Solar_Global
Aeropuerto Palanquero,CUNDINAMARCA,PUERTO SALGAR,5.47,-74.65,4933.4,4893.9,4535.7,5299.8,5977.8,5860.4,5533.6,5938.3,5385.9,5503.3,5432.4,5582.4,Radiacion_Solar_Global
Quebrada Negra,CUNDINAMARCA,QUEBRADA NEGRA,5.14,-74.48,4611.8,4732.4,4543.7,4428.4,4360.4,4449.3,4657.5,4463.8,4682.6,4664.1,4560.4,4599.0,Radiacion_Solar_Global
San Cayetano,CUNDINAMARCA,SAN CAYETANO,5.33,-74.02,3286.9,3014.4,2888.6,3038.4,3266.7,3472.3,3639.9,3452.1,3534.6,3113.6,2843.4,3417.2,Radiacion_Solar_Global
Muña,CUNDINAMARCA,SIBATÉ,4.55,-74.25,4419.4,4588.0,4455.5,3965.8,4119.3,4288.0,4596.2,4550.8,4505.5,3900.7,4008.9,4068.2,Radiacion_Solar_Global
Simijaca,CUNDINAMARCA,SIMIJACA,5.5,-73.85,5074.2,5439.4,5824.3,4995.1,5002.1,4650.8,5382.4,5364.9,4948.6,4483.4,4817.1,4990.4,Radiacion_Solar_Global
La Primavera,CUNDINAMARCA,SUBACHOQUE,4.85,-74.22,4683.4,4548.5,4952.1,4201.9,4114.7,4184.5,4360.1,4240.3,4505.5,4297.3,4614.8,4392.7,Radiacion_Solar_Global
Tabio,CUNDINAMARCA,TABIO,4.77,-73.93,4677.6,3777.4,3805.3,3307.6,3404.1,3665.8,3500.6,3676.2,3559.9,3771.6,4264.7,3948.4,Radiacion_Solar_Global
La Boyera,CUNDINAMARCA,VILLA DE SAN DIEGO DE UBATÉ,5.3,-73.85,4804.3,4808.3,4258.3,3974.7,3909.6,4003.8,4011.9,4180.1,4341.6,4195.2,4060.5,4537.6,Radiacion_Solar_Global
Novilleros,CUNDINAMARCA,VILLA DE SAN DIEGO DE UBATÉ,5.33,-73.78,4565.9,4453.1,4717.1,4170.5,3970.5,3796.0,4007.7,4212.4,4322.9,4324.0,4003.0,4215.9,Radiacion_Solar_Global
Villeta,CUNDINAMARCA,VILLETA,5.02,-74.47,4840.3,4653.3,4508.4,4469.1,4410.7,4234.8,4421.4,4517.7,4666.4,4849.7,4905.2,4917.2,Radiacion_Solar_Global
Puerto Inírida,GUAINÍA,PUERTO INÍRIDA,3.87,-67.92,4508.0,4332.7,3947.3,4146.0,3641.3,3849.7,3530.6,3858.1,4289.3,4147.5,4153.7,4245.6,Radiacion_Solar_Global
Hacienda Manila,HUILA,BARAYA,3.13,-75.08,5485.5,5252.5,4881.4,5064.5,5154.5,4934.0,5063.2,4929.3,5227.2,5145.2,5131.5,5244.9,Radiacion_Solar_Global
Hidrobetania,HUILA,CAMPOALEGRE,2.71,-75.42,4462.7,4431.4,4188.8,4068.3,4320.4,4534.1,4454.1,4371.1,4825.7,4491.8,4712.5,4387.3,Radiacion_Solar_Global
La Plata,HUILA,NEIVA (RURAL),2.76,-75.07,4297.0,3893.2,3578.7,3619.3,3738.3,3750.6,3769.0,3763.8,4132.8,3878.9,3830.8,3834.5,Radiacion_Solar_Global
Aeropuerto Benito Salas,HUILA,NEIVA,2.95,-75.29,4836.0,4700.4,4601.2,4614.6,4546.2,4550.1,4509.7,4656.6,4785.1,4782.3,4551.1,4618.0,Radiacion_Solar_Global
Los Guacharos,HUILA,PALESTINA,1.68,-76.11,3744.2,3385.3,2988.5,3323.4,3254.2,3235.6,3297.6,3286.0,3894.5,3428.0,3333.2,3390.8,Radiacion_Solar_Global
Marengo,HUILA,PITALITO,2.22,-76.12,4632.9,4189.4,3852.5,4291.6,4198.0,3902.1,3719.5,3824.9,4475.0,4254.9,4217.0,4338.1,Radiacion_Solar_Global
La Primavera,HUILA,SALADO BLANCO,2.02,-76.11,4087.2,3736.0,3625.3,4061.1,4192.9,3898.3,3770.3,4014.8,4486.1,4071.8,3473.8,3391.4,Radiacion_Solar_Global
Parque Arqueológico,HUILA,SAN AGUSTÍN,1.89,-76.29,4716.9,4657.5,4311.1,4468.7,4602.3,4384.2,4136.8,4228.7,4894.9,4829.1,4777.9,4826.6,Radiacion_Solar_Global
Puracé,HUILA,SAN AGUSTÍN,1.93,-76.43,4173.6,4539.4,3981.4,3940.8,4073.7,3616.2,3058.2,3531.6,4054.9,4353.1,4384.1,4627.5,Radiacion_Solar_Global
La Mina,LA GUAJIRA,ALBANIA,11.14,-72.62,5091.6,4717.0,5105.4,5019.0,5030.2,5188.9,5309.6,5527.4,5076.4,5037.9,4775.6,4498.9,Radiacion_Solar_Global
La Mina,LA GUAJIRA,ALBANIA,11.14,-72.62,5098.8,5288.1,5208.0,5021.5,4899.2,5066.9,5492.7,5039.5,4865.1,4840.8,4675.3,4927.0,Radiacion_Solar_Global
Aeropuerto Almirante Padilla,LA GUAJIRA,RIOHACHA,11.53,-72.92,4659.3,5202.9,5492.0,5370.8,5470.5,5951.1,6119.2,6038.3,5585.1,4961.4,4463.4,4601.7,Radiacion_Solar_Global
Granja Paicí,LA GUAJIRA,URIBIA,11.59,-72.33,5481.3,5959.7,5409.1,5859.2,5537.4,6162.8,6183.0,6010.0,5686.4,4990.7,4944.0,4985.4,Radiacion_Solar_Global
Nazareth,LA GUAJIRA,URIBIA,12.18,-71.28,4868.0,4763.8,5365.8,5023.6,4880.2,6076.0,5644.8,5511.0,5075.2,4559.4,4389.1,4260.7,Radiacion_Solar_Global
Aeropuerto Puerto Bolívar,LA GUAJIRA,URIBIA,12.22,-71.98,5310.1,5770.7,5932.8,5651.2,5735.1,5841.8,6316.9,6239.5,6042.5,5286.7,4806.4,5055.6,Radiacion_Solar_Global
Toromaná,LA GUAJIRA,URIBÍA,12.08,-71.21,4741.7,5078.1,5801.9,5406.0,5542.7,5924.4,6307.4,5793.6,5895.2,4785.7,4691.7,4642.9,Radiacion_Solar_Global
La Gran Via,MAGDALENA,ARACATACA,10.85,-74.13,5220.7,5421.0,5299.8,5339.3,5362.3,5122.4,5148.0,4994.4,4885.5,4607.7,4575.2,4919.1,Radiacion_Solar_Global
Batallón No. 6,MAGDALENA,FUNDACIÓN,10.47,-73.93,4423.5,4998.5,4598.5,3711.2,3282.1,3723.0,3834.7,3671.4,3919.6,3668.1,3604.1,3954.7,Radiacion_Solar_Global
Universidad Tecnológica de Magdalena,MAGDALENA,SANTA MARTA,11.22,-74.19,5927.7,6273.6,6081.5,6079.3,5872.3,5736.6,5689.1,5368.1,5492.3,4885.7,4803.0,5438.5,Radiacion_Solar_Global
Prado Sevilla,MAGDALENA,ZONA BANANERA,10.76,-74.15,5373.1,5563.2,5698.7,5694.0,5349.7,5395.3,5554.9,5434.7,5109.5,5166.9,5025.1,5408.8,Radiacion_Solar_Global
La Holanda,META,GRANADA,3.52,-73.72,4850.5,4433.9,4020.9,3812.4,3901.2,3905.6,3895.6,3945.5,4458.8,4332.0,4512.3,4360.3,Radiacion_Solar_Global
La Palomera,META,PUERTO LÓPEZ,4.26,-72.56,5018.9,5136.2,4506.1,4238.3,4073.9,3898.4,3885.8,4345.3,4649.5,4664.1,4658.4,4992.1,Radiacion_Solar_Global
Salinas de Upin,META,RESTREPO,4.27,-73.59,3026.6,2900.4,2663.7,2701.7,2549.1,2418.6,2423.8,2950.8,3611.5,3248.5,2811.8,2948.6,Radiacion_Solar_Global
Aeropuerto Vanguardia,META,VILLAVICENCIO,4.16,-73.62,4784.9,4512.4,4337.1,4565.8,4699.2,4639.5,4542.9,4993.2,5317.8,5286.1,4736.4,4580.0,Radiacion_Solar_Global
ICA Villavicencio,META,VILLAVICENCIO,4.14,-73.63,5207.6,4741.6,4376.0,4406.7,4422.2,4242.7,4358.2,4585.3,5264.8,5102.0,4839.2,4905.6,Radiacion_Solar_Global
La Libertad,META,VILLAVICENCIO,4.06,-73.47,5148.4,5309.3,4874.4,4789.8,4971.3,4474.4,4490.5,4913.2,5408.8,4986.7,4771.8,5008.3,Radiacion_Solar_Global
Aeropuerto San Luis,NARIÑO,ALDANA,0.86,-77.68,4236.0,3950.9,3902.6,3980.9,4161.5,4337.7,4301.9,4058.9,4203.6,4230.1,3997.0,4003.5,Radiacion_Solar_Global
La Josefina,NARIÑO,CONTADERO,0.93,-77.49,4136.7,4331.1,4121.4,4402.2,4386.4,4511.6,4522.8,4142.9,4444.8,4541.3,4311.3,4375.0,Radiacion_Solar_Global
Botana,NARIÑO,PASTO,1.16,-77.28,3875.5,3552.0,3478.2,3687.9,3678.1,3711.0,3894.4,4000.0,4133.5,3843.3,3773.7,3483.2,Radiacion_Solar_Global
Obonuco,NARIÑO,PASTO,1.2,-77.3,3710.6,3417.9,3563.8,3574.7,3497.4,3302.1,3576.1,3555.9,3530.9,3544.8,3475.5,3473.3,Radiacion_Solar_Global
Uninariño,NARIÑO,PASTO,1.23,-77.28,4437.7,4393.2,4194.1,4383.3,4242.2,4332.1,4221.8,4295.4,4413.3,4532.4,4658.1,4651.1,Radiacion_Solar_Global
Cerro Paramo-Puerres,NARIÑO,PUERRES,0.84,-77.39,2620.7,2537.1,2389.8,2564.4,2498.9,1871.4,1850.9,1849.4,2198.5,2945.6,3078.2,2814.1,Radiacion_Solar_Global
Viento Libre,NARIÑO,TAMINANGO,1.62,-77.34,4979.0,4514.9,4638.7,4697.4,4598.5,4811.9,4867.6,5099.3,5150.0,4862.3,4837.0,4743.0,Radiacion_Solar_Global
El Paraíso,NARIÑO,TUQUERRES,1.07,-77.64,3744.2,3634.7,3294.2,3698.5,3732.4,3747.1,3849.9,3966.7,3971.5,3782.4,3620.3,3738.5,Radiacion_Solar_Global
Abrego,NORTE DE SANTANDER,ABREGO,8.09,-73.22,4910.9,4804.9,4839.1,4582.7,4515.6,4841.7,4885.8,4719.4,4723.3,4720.8,4510.5,4709.2,Radiacion_Solar_Global
Aeropuerto Camilo Daza,NORTE DE SANTANDER,CÚCUTA,7.93,-72.51,4447.4,4578.4,4384.1,4823.4,5219.9,4992.4,5225.8,5732.0,5484.9,5001.8,4582.8,4411.8,Radiacion_Solar_Global
Cinera Villa Olga,NORTE DE SANTANDER,CÚCUTA,8.17,-72.47,4185.4,4707.5,5086.7,4877.9,5321.1,5728.1,5741.8,6006.7,6141.4,5447.9,5005.4,4604.4,Radiacion_Solar_Global
Universidad Francisco de Paula Santander,NORTE DE SANTANDER,CUCUTA,7.9,-72.49,5023.0,5141.4,4711.4,4972.7,5453.3,5323.6,5431.4,5719.8,6155.4,5574.2,5229.7,4877.7,Radiacion_Solar_Global
Alcaldía de Herrán,NORTE DE SANTANDER,HERRÁN,7.51,-72.49,4111.5,4187.0,3712.1,3307.7,3535.5,3805.3,3969.3,4091.7,4155.3,3722.5,3465.5,3659.6,Radiacion_Solar_Global
Aguas de la Virgen,NORTE DE SANTANDER,OCAÑA,8.23,-73.4,4163.5,4242.7,3774.4,3467.7,3959.0,4063.8,4347.1,4370.3,4431.5,3801.3,3365.0,3968.5,Radiacion_Solar_Global
Unipamplona,NORTE DE SANTANDER,PAMPLONA,7.36,-72.67,4399.4,4260.1,3730.6,3536.7,3655.3,3641.8,3865.0,4253.5,4347.8,4082.9,3845.6,4417.9,Radiacion_Solar_Global
Salazar,NORTE DE SANTANDER,SALAZAR,7.77,-72.83,4667.5,4557.0,4292.4,4549.9,5061.5,5032.8,5341.1,5515.6,5470.7,5036.9,4801.9,4497.3,Radiacion_Solar_Global
Acueducto Mocoa,PUTUMAYO,MOCOA,1.16,-76.65,3501.1,2970.3,2938.8,3127.5,2872.0,2617.7,2715.3,3280.3,3758.4,3905.6,3721.4,3463.9,Radiacion_Solar_Global
El Pepino,PUTUMAYO,MOCOA,1.08,-76.67,3622.2,3476.3,3157.7,3535.5,3321.2,2862.8,3124.3,3181.6,3744.4,3974.3,3894.8,3803.9,Radiacion_Solar_Global
Armenia,QUINDÍO,ARMENIA,4.53,-75.69,4144.2,4133.6,4057.0,3909.2,3724.8,3889.2,4358.1,4399.0,4522.1,4003.4,3999.8,3804.9,Radiacion_Solar_Global
Aeropuerto El Edén,QUINDÍO,ARMENIA,4.45,-75.77,5326.9,5109.6,4967.6,4757.1,4565.4,4544.3,4944.0,5391.0,5166.4,4979.0,4291.9,4425.6,Radiacion_Solar_Global
Calarcá,QUINDÍO,CALARCÁ,4.53,-75.6,3094.0,2856.6,2604.7,2491.0,2500.5,2669.0,2987.5,3203.3,3324.3,2666.0,2423.8,2654.0,Radiacion_Solar_Global
Santa Emilia,RISARALDA,BELEN DE UMBRIA,5.21,-75.9,3764.2,4148.9,4020.6,3522.4,3735.2,4271.8,4582.1,4533.6,4382.6,3703.8,3317.8,3473.9,Radiacion_Solar_Global
Marsella,RISARALDA,MARSELLA,4.93,-75.74,4320.6,4261.8,4321.3,4033.1,4012.6,4019.2,4375.4,4402.0,4425.4,4075.7,3950.6,3902.4,Radiacion_Solar_Global
Aeropuerto Matecaña,RISARALDA,PEREIRA,4.81,-75.74,4697.0,4882.9,4928.4,4389.2,4263.2,4229.4,4465.0,4795.3,4792.6,4471.9,4268.3,4414.8,Radiacion_Solar_Global
Parque Nacional Natural Quimbaya,RISARALDA,PEREIRA,4.76,-75.74,4018.4,3874.0,3582.8,3574.2,3521.1,3623.7,4017.6,3881.1,3983.2,3496.2,3164.7,3462.8,Radiacion_Solar_Global
Aeropuerto Sesquicentenario,SAN ANDRÉS Y PROVIDENCIA,SAN ANDRÉS,12.54,-81.73,4716.4,6145.0,6630.6,5910.1,5432.0,5005.1,5444.9,5268.3,5193.1,4591.7,4364.2,4416.1,Radiacion_Solar_Global
Serranilla,SAN ANDRÉS Y PROVIDENCIA,SERRANILLA,15.8,-79.85,4424.4,4817.4,5445.3,5881.2,5847.5,5835.4,5696.5,5398.9,4466.7,4191.7,4245.0,3671.0,Radiacion_Solar_Global
Vizcaína-La Lizama,SANTANDER,BARRANCABERMEJA,6.98,-73.7,4605.1,4744.5,4479.7,4360.5,4428.3,4532.8,4776.1,4949.2,4918.1,4664.4,4268.7,4237.0,Radiacion_Solar_Global
Neomundo,SANTANDER,BUCARAMANGA,7.1,-73.11,4443.3,4796.2,4659.9,4734.2,4472.2,4258.6,4251.2,4414.5,4622.3,4386.5,4044.0,4335.5,Radiacion_Solar_Global
Aeropuerto Palonegro,SANTANDER,LEBRIJA,7.12,-73.18,5083.8,5329.9,4812.9,4543.1,4517.1,4580.2,4666.7,4421.2,5016.2,4846.0,4549.4,4833.5,Radiacion_Solar_Global
Mogotes,SANTANDER,MOGOTES,6.47,-72.97,4374.9,4583.3,4053.1,4033.9,3924.6,4002.3,4014.1,4173.2,4194.8,4094.5,3956.4,4063.6,Radiacion_Solar_Global
El Cucharo,SANTANDER,PINCHOTE,6.53,-73.2,4862.1,4889.1,4969.9,4813.3,4788.5,4727.6,4789.8,5118.6,5100.5,5116.8,4982.2,4988.8,Radiacion_Solar_Global
San Vicente de Chucurí,SANTANDER,SAN VICENTE DE CHUCURÍ,6.82,-73.47,3366.0,3625.4,3017.1,3016.5,3119.8,3418.7,3589.5,3629.2,3652.2,3170.3,2872.8,2813.4,Radiacion_Solar_Global
El Tesoro - IDEAM,SUCRE,MORROA,9.36,-75.29,5081.4,5488.5,5479.0,4803.9,4386.5,5115.5,4857.1,4979.0,4181.9,4015.0,4231.1,4368.7,Radiacion_Solar_Global
San Marcos,SUCRE,SAN MARCOS,8.6,-75.14,5049.7,5162.3,5098.3,4922.2,4656.4,4957.7,5158.8,5212.1,4898.0,4622.9,4335.8,4484.3,Radiacion_Solar_Global
Puerta  Roja,SUCRE,SINCELEJO,9.32,-75.39,5003.3,5240.1,4795.0,4429.4,3995.7,4613.1,4602.4,4517.8,4397.9,3977.8,3750.9,4256.4,Radiacion_Solar_Global
Hacienda Pajonales,TOLIMA,AMBALEMA,4.76,-74.83,4863.2,4839.1,4511.4,4915.3,4904.1,4896.8,5211.8,5156.1,5220.4,4812.6,4885.4,5046.4,Radiacion_Solar_Global
Cajamarca,TOLIMA,CAJAMARCA,4.44,-75.5,3731.2,4077.4,4115.6,4035.4,4211.1,3990.4,4254.4,3916.2,3932.8,3918.8,3626.9,3637.7,Radiacion_Solar_Global
Nataima,TOLIMA,ESPINAL,4.19,-74.96,4399.5,5146.3,4851.7,5100.8,4891.9,5105.9,5229.0,5336.2,5644.3,5259.5,4701.1,4377.9,Radiacion_Solar_Global
Guamo,TOLIMA,GUAMO,4.01,-74.98,5016.8,4783.9,4511.0,4979.6,5077.9,4824.6,5035.4,5442.9,5519.9,5395.2,5006.9,4828.2,Radiacion_Solar_Global
Aeropuerto Perales,TOLIMA,IBAGUÉ,4.42,-75.14,4615.6,4583.3,4621.2,4659.7,4627.9,4717.9,4896.1,5037.4,4846.8,4679.7,4404.6,4332.7,Radiacion_Solar_Global
Batallón Rooke,TOLIMA,IBAGUÉ,4.42,-75.25,4507.3,4546.3,4579.3,4532.7,4555.7,4985.3,5160.1,4981.4,5087.8,4621.3,4208.1,4269.5,Radiacion_Solar_Global
Cerros Noroccidentales,TOLIMA,IBAGUÉ,4.47,-75.24,3515.5,3242.6,3007.1,3320.4,3102.1,3584.5,4085.8,4330.9,4622.8,3405.3,2535.5,2812.9,Radiacion_Solar_Global
Murillo,TOLIMA,MURILLO,4.87,-75.17,3692.8,3880.7,3944.4,4051.6,4640.1,5260.4,5402.0,5188.0,4914.5,3846.2,3455.5,3603.4,Radiacion_Solar_Global
Las Brisas,VALLE DEL CAUCA,ANSERMANUEVO,4.78,-76.14,4335.8,4280.4,4324.8,4401.5,4368.9,4975.0,5294.2,5174.4,5234.5,4616.6,4112.2,4353.9,Radiacion_Solar_Global
Base aerea Marco Fidel Suarez,VALLE DEL CAUCA,CALI,3.45,-76.5,4513.5,4823.4,4704.5,4839.7,4477.3,4627.4,5197.6,5595.0,5275.2,4512.0,4224.0,4477.2,Radiacion_Solar_Global
Siloe,VALLE DEL CAUCA,CALI,3.43,-76.56,4122.4,4481.3,4533.9,4370.4,4131.4,4260.9,4738.0,4738.9,4961.7,4320.6,3751.5,4063.9,Radiacion_Solar_Global
Univalle,VALLE DEL CAUCA,CALI,3.38,-76.53,4568.3,4564.2,4525.8,4436.1,4312.8,4488.1,4762.5,4829.5,4794.4,4473.5,4133.4,4234.4,Radiacion_Solar_Global
Zaragoza,VALLE DEL CAUCA,CARTAGO,4.69,-75.93,5038.0,5050.5,5450.6,5271.9,5116.4,5197.0,5457.2,5382.2,5701.1,5059.5,4938.4,4817.3,Radiacion_Solar_Global
La Diana,VALLE DEL CAUCA,FLORIDA,3.31,-76.19,3783.8,3961.6,3668.8,3563.4,3382.2,3476.3,3600.3,3758.4,3813.4,3543.3,3342.7,3475.0,Radiacion_Solar_Global
El Vinculo,VALLE DEL CAUCA,GUADALAJARA DE BUGA,3.83,-76.3,4300.9,3992.0,4448.7,4498.5,4138.6,4219.7,4341.0,4379.7,4588.7,4222.4,4196.3,4297.6,Radiacion_Solar_Global
La independencia,VALLE DEL CAUCA,JAMUNDÍ,3.19,-76.57,5062.9,5373.4,5121.5,4971.5,4719.5,4669.1,5015.3,5318.3,5537.0,5218.1,4878.7,4900.1,Radiacion_Solar_Global
Aeropuerto Alfonso Bonilla Aragón,VALLE DEL CAUCA,PALMIRA,3.53,-76.38,5019.7,5210.0,5076.0,4599.0,4751.1,4707.2,5032.5,4729.0,5280.3,4951.4,4775.1,4861.7,Radiacion_Solar_Global
Ing. Manuelita,VALLE DEL CAUCA,PALMIRA,3.57,-76.28,4658.4,4628.7,4675.2,4529.6,4370.9,4241.6,4553.6,4701.2,4606.9,4552.2,4367.8,4407.4,Radiacion_Solar_Global
Las Gaviotas,VICHADA,CUMARIBO,4.55,-70.93,5160.0,5015.6,4708.3,4254.0,4016.3,3849.8,4007.2,4238.9,4563.5,4502.4,4398.9,4839.8,Radiacion_Solar_Global
