producto,categoria,mercado,precio_kg,variacion_pct
Ahuyama,Verduras y hortalizas,"oAoromoeonoioao,o oMoeorocoaoro",1033.0,0.0
Ahuyama,Verduras y hortalizas,"oBooogoootoáo,o oCoooroaoboaosotoooso",2200.0,-0.03
Ahuyama,Verduras y hortalizas,"oBouocoaoroaomoaonogoao,o oCoeonotoroooaoboaosotoooso",1350.0,0.0
Ahuyama,Verduras y hortalizas,"oCoaoloio,o o oCoaovoaosoao",1600.0,0.14
Ahuyama,Verduras y hortalizas,"oCoúocouotoao,o oCoeonoaoboaosotoooso",1917.0,0.0
Ahuyama,Verduras y hortalizas,"oIoboaogouoéo,o oPoloaozoao oLoao o2o1o",1800.0,0.0
Ahuyama,Verduras y hortalizas,"oMoaonoiozoaoloeoso,o oCoeonotorooo oGoaoloeoroíoaoso",2000.0,0.0
Ahuyama,Verduras y hortalizas,"oMoeodoeololoíono,o oCoMoAo",1250.0,0.0
Ahuyama,Verduras y hortalizas,"oPoeoroeoioroao,o o oLoao o4o1o-oIomopoaoloao",1700.0,-0.04
Ahuyama,Verduras y hortalizas,"oPoeoroeoioroao,o o oMoeorocoaosoao",1700.0,-0.04
Ahuyama,Verduras y hortalizas,oTouonojoao,958.0,-0.03
Arveja verde en vaina,Verduras y hortalizas,"oAoromoeonoioao,o oMoeorocoaoro",5600.0,0.0
Arveja verde en vaina,Verduras y hortalizas,"oBooogoootoáo,o oCoooroaoboaosotoooso",7200.0,0.01
Arveja verde en vaina,Verduras y hortalizas,"oBouocoaoroaomoaonogoao,o oCoeonotoroooaoboaosotoooso",6700.0,0.05
Arveja verde en vaina,Verduras y hortalizas,"oCoaoloio,o o oCoaovoaosoao",6700.0,0.2
Arveja verde en vaina,Verduras y hortalizas,"oCoúocouotoao,o oCoeonoaoboaosotoooso",8500.0,-0.01
Arveja verde en vaina,Verduras y hortalizas,"oIoboaogouoéo,o oPoloaozoao oLoao o2o1o",5900.0,-0.07
Arveja verde en vaina,Verduras y hortalizas,"oMoaonoiozoaoloeoso,o oCoeonotorooo oGoaoloeoroíoaoso",8000.0,0.0
Arveja verde en vaina,Verduras y hortalizas,"oMoeodoeololoíono,o oCoMoAo",5425.0,0.01
Arveja verde en vaina,Verduras y hortalizas,"oNoeoiovoao,o oSouoroaoboaosotoooso",6800.0,-0.04
Arveja verde en vaina,Verduras y hortalizas,"oPoaosotooo,o oEolo oPoootoroeoroiololooo",5700.0,0.0
Arveja verde en vaina,Verduras y hortalizas,"oPoeoroeoioroao,o o oLoao o4o1o-oIomopoaoloao",6280.0,-0.06
Arveja verde en vaina,Verduras y hortalizas,"oPoeoroeoioroao,o o oMoeorocoaosoao",6933.0,0.04
Arveja verde en vaina,Verduras y hortalizas,oTouonojoao,6200.0,-0.05
Cebolla cabezona blanca,Verduras y hortalizas,"oAoromoeonoioao,o oMoeorocoaoro",2733.0,0.14
Cebolla cabezona blanca,Verduras y hortalizas,"oBooogoootoáo,o oCoooroaoboaosotoooso",1917.0,-0.08
Cebolla cabezona blanca,Verduras y hortalizas,"oBouocoaoroaomoaonogoao,o oCoeonotoroooaoboaosotoooso",2225.0,-0.12
Cebolla cabezona blanca,Verduras y hortalizas,"oCoaoloio,o o oCoaovoaosoao",2917.0,0.06
Cebolla cabezona blanca,Verduras y hortalizas,"oCoúocouotoao,o oCoeonoaoboaosotoooso",2517.0,0.0
Cebolla cabezona blanca,Verduras y hortalizas,"oIoboaogouoéo,o oPoloaozoao oLoao o2o1o",2627.0,-0.13
Cebolla cabezona blanca,Verduras y hortalizas,"oMoaonoiozoaoloeoso,o oCoeonotorooo oGoaoloeoroíoaoso",3100.0,0.0
Cebolla cabezona blanca,Verduras y hortalizas,"oMoeodoeololoíono,o oCoMoAo",2448.0,-0.15
Cebolla cabezona blanca,Verduras y hortalizas,"oPoaosotooo,o oEolo oPoootoroeoroiololooo",2005.0,-0.16
Cebolla cabezona blanca,Verduras y hortalizas,"oPoeoroeoioroao,o o oLoao o4o1o-oIomopoaoloao",2713.0,-0.21
Cebolla cabezona blanca,Verduras y hortalizas,"oPoeoroeoioroao,o o oMoeorocoaosoao",2800.0,0.09
Cebolla cabezona blanca,Verduras y hortalizas,oSoaonotoao oMoaorotoao,3100.0,-0.05
Cebolla cabezona blanca,Verduras y hortalizas,oTouonojoao,1825.0,-0.19
Cebolla junca,Verduras y hortalizas,"oAoromoeonoioao,o oMoeorocoaoro",2476.0,0.0
Cebolla junca,Verduras y hortalizas,"oBooogoootoáo,o oCoooroaoboaosotoooso",2083.0,-0.17
Cebolla junca,Verduras y hortalizas,"oBouocoaoroaomoaonogoao,o oCoeonotoroooaoboaosotoooso",1836.0,0.04
Cebolla junca,Verduras y hortalizas,"oCoaoloio,o o oCoaovoaosoao",1833.0,0.03
Cebolla junca,Verduras y hortalizas,"oCoúocouotoao,o oCoeonoaoboaosotoooso",1563.0,0.0
Cebolla junca,Verduras y hortalizas,"oMoaonoiozoaoloeoso,o oCoeonotorooo oGoaoloeoroíoaoso",2960.0,-0.08
Cebolla junca,Verduras y hortalizas,"oMoeodoeololoíono,o oCoMoAo",2100.0,0.08
Cebolla junca,Verduras y hortalizas,"oNoeoiovoao,o oSouoroaoboaosotoooso",2444.0,-0.08
Cebolla junca,Verduras y hortalizas,"oPoaosotooo,o oEolo oPoootoroeoroiololooo",1878.0,0.0
Cebolla junca,Verduras y hortalizas,"oPoeoroeoioroao,o o oLoao o4o1o-oIomopoaoloao",2444.0,-0.01
Cebolla junca,Verduras y hortalizas,"oPoeoroeoioroao,o o oMoeorocoaosoao",2511.0,0.0
Cebolla junca,Verduras y hortalizas,oTouonojoao,2125.0,-0.06
Chócolo mazorca,Verduras y hortalizas,"oAoromoeonoioao,o oMoeorocoaoro",1143.0,0.0
Chócolo mazorca,Verduras y hortalizas,"oBooogoootoáo,o oCoooroaoboaosotoooso",3317.0,0.08
Chócolo mazorca,Verduras y hortalizas,"oBouocoaoroaomoaonogoao,o oCoeonotoroooaoboaosotoooso",2280.0,-0.07
Chócolo mazorca,Verduras y hortalizas,"oCoaoloio,o o oCoaovoaosoao",3202.0,-0.12
Chócolo mazorca,Verduras y hortalizas,"oCoúocouotoao,o oCoeonoaoboaosotoooso",2273.0,0.01
Chócolo mazorca,Verduras y hortalizas,"oIoboaogouoéo,o oPoloaozoao oLoao o2o1o",4267.0,-0.03
Chócolo mazorca,Verduras y hortalizas,"oMoaonoiozoaoloeoso,o oCoeonotorooo oGoaoloeoroíoaoso",1400.0,0.03
Chócolo mazorca,Verduras y hortalizas,"oMoeodoeololoíono,o oCoMoAo",1938.0,0.24
Chócolo mazorca,Verduras y hortalizas,"oNoeoiovoao,o oSouoroaoboaosotoooso",3600.0,-0.06
Chócolo mazorca,Verduras y hortalizas,"oPoaosotooo,o oEolo oPoootoroeoroiololooo",2120.0,0.0
Chócolo mazorca,Verduras y hortalizas,oSoaonotoao oMoaorotoao,2100.0,0.0
Chócolo mazorca,Verduras y hortalizas,oTouonojoao,2650.0,0.0
Fríjol verde,Verduras y hortalizas,"oAoromoeonoioao,o oMoeorocoaoro",5200.0,0.0
Fríjol verde,Verduras y hortalizas,"oBooogoootoáo,o oCoooroaoboaosotoooso",5833.0,-0.07
Fríjol verde,Verduras y hortalizas,"oBouocoaoroaomoaonogoao,o oCoeonotoroooaoboaosotoooso",7100.0,0.03
Fríjol verde,Verduras y hortalizas,"oCoaoloio,o o oCoaovoaosoao",6883.0,-0.03
Fríjol verde,Verduras y hortalizas,"oIoboaogouoéo,o oPoloaozoao oLoao o2o1o",5733.0,-0.1
Fríjol verde,Verduras y hortalizas,"oMoaonoiozoaoloeoso,o oCoeonotorooo oGoaoloeoroíoaoso",9000.0,0.06
Fríjol verde,Verduras y hortalizas,"oMoeodoeololoíono,o oCoMoAo",5200.0,-0.05
Fríjol verde,Verduras y hortalizas,"oNoeoiovoao,o oSouoroaoboaosotoooso",6400.0,-0.04
Fríjol verde,Verduras y hortalizas,"oPoaosotooo,o oEolo oPoootoroeoroiololooo",5650.0,0.01
Fríjol verde,Verduras y hortalizas,"oPoeoroeoioroao,o o oMoeorocoaosoao",7000.0,0.0
Fríjol verde,Verduras y hortalizas,oTouonojoao,5600.0,0.0
Habichuela,Verduras y hortalizas,"oAoromoeonoioao,o oMoeorocoaoro",4160.0,0.0
Habichuela,Verduras y hortalizas,"oBooogoootoáo,o oCoooroaoboaosotoooso",6417.0,-0.11
Habichuela,Verduras y hortalizas,"oBouocoaoroaomoaonogoao,o oCoeonotoroooaoboaosotoooso",7500.0,0.02
Habichuela,Verduras y hortalizas,"oCoaoloio,o o oCoaovoaosoao",6600.0,0.13
Habichuela,Verduras y hortalizas,"oCoúocouotoao,o oCoeonoaoboaosotoooso",7292.0,-0.03
Habichuela,Verduras y hortalizas,"oIoboaogouoéo,o oPoloaozoao oLoao o2o1o",5600.0,-0.22
Habichuela,Verduras y hortalizas,"oMoaonoiozoaoloeoso,o oCoeonotorooo oGoaoloeoroíoaoso",4800.0,-0.25
Habichuela,Verduras y hortalizas,"oMoeodoeololoíono,o oCoMoAo",3875.0,-0.13
Habichuela,Verduras y hortalizas,"oNoeoiovoao,o oSouoroaoboaosotoooso",7200.0,-0.08
Habichuela,Verduras y hortalizas,"oPoaosotooo,o oEolo oPoootoroeoroiololooo",8083.0,0.0
Habichuela,Verduras y hortalizas,"oPoeoroeoioroao,o o oLoao o4o1o-oIomopoaoloao",5867.0,-0.25
Habichuela,Verduras y hortalizas,"oPoeoroeoioroao,o o oMoeorocoaosoao",5200.0,-0.07
Habichuela,Verduras y hortalizas,oTouonojoao,6400.0,-0.16
Lechuga Batavia,Verduras y hortalizas,"oAoromoeonoioao,o oMoeorocoaoro",1689.0,0.0
Lechuga Batavia,Verduras y hortalizas,"oBooogoootoáo,o oCoooroaoboaosotoooso",2188.0,0.17
Lechuga Batavia,Verduras y hortalizas,"oBouocoaoroaomoaonogoao,o oCoeonotoroooaoboaosotoooso",1729.0,0.0
Lechuga Batavia,Verduras y hortalizas,"oCoaoloio,o o oCoaovoaosoao",1442.0,0.01
Lechuga Batavia,Verduras y hortalizas,"oCoúocouotoao,o oCoeonoaoboaosotoooso",1861.0,0.0
Lechuga Batavia,Verduras y hortalizas,"oIoboaogouoéo,o oPoloaozoao oLoao o2o1o",2133.0,-0.04
Lechuga Batavia,Verduras y hortalizas,"oMoaonoiozoaoloeoso,o oCoeonotorooo oGoaoloeoroíoaoso",2800.0,-0.07
Lechuga Batavia,Verduras y hortalizas,"oMoeodoeololoíono,o oCoMoAo",1272.0,0.08
Lechuga Batavia,Verduras y hortalizas,"oNoeoiovoao,o oSouoroaoboaosotoooso",2160.0,0.0
Lechuga Batavia,Verduras y hortalizas,"oPoaosotooo,o oEolo oPoootoroeoroiololooo",1538.0,0.0
Lechuga Batavia,Verduras y hortalizas,"oPoeoroeoioroao,o o oLoao o4o1o-oIomopoaoloao",2361.0,0.05
Lechuga Batavia,Verduras y hortalizas,"oPoeoroeoioroao,o o oMoeorocoaosoao",2417.0,0.05
Lechuga Batavia,Verduras y hortalizas,oSoaonotoao oMoaorotoao,2958.0,-0.03
Lechuga Batavia,Verduras y hortalizas,oTouonojoao,1667.0,0.06
Pepino cohombro,Verduras y hortalizas,"oAoromoeonoioao,o oMoeorocoaoro",1767.0,0.0
Pepino cohombro,Verduras y hortalizas,"oBooogoootoáo,o oCoooroaoboaosotoooso",4625.0,0.01
Pepino cohombro,Verduras y hortalizas,"oBouocoaoroaomoaonogoao,o oCoeonotoroooaoboaosotoooso",2750.0,-0.04
Pepino cohombro,Verduras y hortalizas,"oCoaoloio,o o oCoaovoaosoao",3000.0,0.07
Pepino cohombro,Verduras y hortalizas,"oCoúocouotoao,o oCoeonoaoboaosotoooso",3400.0,-0.04
Pepino cohombro,Verduras y hortalizas,"oIoboaogouoéo,o oPoloaozoao oLoao o2o1o",3333.0,-0.16
Pepino cohombro,Verduras y hortalizas,"oMoaonoiozoaoloeoso,o oCoeonotorooo oGoaoloeoroíoaoso",2800.0,-0.07
Pepino cohombro,Verduras y hortalizas,"oMoeodoeololoíono,o oCoMoAo",3575.0,-0.01
Pepino cohombro,Verduras y hortalizas,"oNoeoiovoao,o oSouoroaoboaosotoooso",3333.0,-0.04
Pepino cohombro,Verduras y hortalizas,"oPoaosotooo,o oEolo oPoootoroeoroiololooo",2650.0,-0.02
Pepino cohombro,Verduras y hortalizas,"oPoeoroeoioroao,o o oLoao o4o1o-oIomopoaoloao",3700.0,-0.03
Pepino cohombro,Verduras y hortalizas,"oPoeoroeoioroao,o o oMoeorocoaosoao",3175.0,-0.02
Pepino cohombro,Verduras y hortalizas,oSoaonotoao oMoaorotoao,3380.0,0.02
Pepino cohombro,Verduras y hortalizas,oTouonojoao,3280.0,0.01
Pimentón,Verduras y hortalizas,"oAoromoeonoioao,o oMoeorocoaoro",2967.0,0.0
Pimentón,Verduras y hortalizas,"oBooogoootoáo,o oCoooroaoboaosotoooso",4775.0,0.01
Pimentón,Verduras y hortalizas,"oBouocoaoroaomoaonogoao,o oCoeonotoroooaoboaosotoooso",6625.0,0.15
Pimentón,Verduras y hortalizas,"oCoaoloio,o o oCoaovoaosoao",3883.0,-0.05
Pimentón,Verduras y hortalizas,"oCoúocouotoao,o oCoeonoaoboaosotoooso",6007.0,0.06
Pimentón,Verduras y hortalizas,"oIoboaogouoéo,o oPoloaozoao oLoao o2o1o",4317.0,-0.04
Pimentón,Verduras y hortalizas,"oMoaonoiozoaoloeoso,o oCoeonotorooo oGoaoloeoroíoaoso",4500.0,-0.1
Pimentón,Verduras y hortalizas,"oMoeodoeololoíono,o oCoMoAo",4538.0,0.09
Pimentón,Verduras y hortalizas,"oNoeoiovoao,o oSouoroaoboaosotoooso",3810.0,0.07
Pimentón,Verduras y hortalizas,"oPoaosotooo,o oEolo oPoootoroeoroiololooo",4107.0,0.02
Pimentón,Verduras y hortalizas,"oPoeoroeoioroao,o o oLoao o4o1o-oIomopoaoloao",4767.0,0.06
Pimentón,Verduras y hortalizas,"oPoeoroeoioroao,o o oMoeorocoaosoao",4500.0,0.0
Pimentón,Verduras y hortalizas,oSoaonotoao oMoaorotoao,4083.0,0.03
Pimentón,Verduras y hortalizas,oTouonojoao,4696.0,-0.01
Remolacha,Verduras y hortalizas,"oAoromoeonoioao,o oMoeorocoaoro",1627.0,0.0
Remolacha,Verduras y hortalizas,"oBooogoootoáo,o oCoooroaoboaosotoooso",1333.0,0.03
Remolacha,Verduras y hortalizas,"oBouocoaoroaomoaonogoao,o oCoeonotoroooaoboaosotoooso",1409.0,-0.06
Remolacha,Verduras y hortalizas,"oCoaoloio,o o oCoaovoaosoao",1764.0,-0.07
Remolacha,Verduras y hortalizas,"oCoúocouotoao,o oCoeonoaoboaosotoooso",1733.0,0.04
Remolacha,Verduras y hortalizas,"oIoboaogouoéo,o oPoloaozoao oLoao o2o1o",1733.0,0.08
Remolacha,Verduras y hortalizas,"oMoaonoiozoaoloeoso,o oCoeonotorooo oGoaoloeoroíoaoso",2182.0,-0.14
Remolacha,Verduras y hortalizas,"oMoeodoeololoíono,o oCoMoAo",2100.0,0.0
Remolacha,Verduras y hortalizas,"oNoeoiovoao,o oSouoroaoboaosotoooso",1813.0,-0.03
Remolacha,Verduras y hortalizas,"oPoeoroeoioroao,o o oMoeorocoaosoao",2200.0,0.02
Remolacha,Verduras y hortalizas,oSoaonotoao oMoaorotoao,1917.0,0.12
Remolacha,Verduras y hortalizas,oTouonojoao,1100.0,-0.02
Tomate,Verduras y hortalizas,"oAoromoeonoioao,o oMoeorocoaoro",4924.0,0.0
Tomate,Verduras y hortalizas,"oBooogoootoáo,o oCoooroaoboaosotoooso",4290.0,-0.09
Tomate,Verduras y hortalizas,"oBouocoaoroaomoaonogoao,o oCoeonotoroooaoboaosotoooso",3920.0,-0.15
Tomate,Verduras y hortalizas,"oCoaoloio,o o oCoaovoaosoao",4858.0,-0.01
Tomate,Verduras y hortalizas,"oCoúocouotoao,o oCoeonoaoboaosotoooso",4757.0,-0.01
Tomate,Verduras y hortalizas,"oIoboaogouoéo,o oPoloaozoao oLoao o2o1o",4533.0,0.01
Tomate,Verduras y hortalizas,"oMoaonoiozoaoloeoso,o oCoeonotorooo oGoaoloeoroíoaoso",4545.0,0.0
Tomate,Verduras y hortalizas,"oMoeodoeololoíono,o oCoMoAo",4663.0,0.08
Tomate,Verduras y hortalizas,"oNoeoiovoao,o oSouoroaoboaosotoooso",4058.0,-0.14
Tomate,Verduras y hortalizas,"oPoaosotooo,o oEolo oPoootoroeoroiololooo",3625.0,-0.04
Tomate,Verduras y hortalizas,"oPoeoroeoioroao,o o oLoao o4o1o-oIomopoaoloao",4767.0,-0.02
Tomate,Verduras y hortalizas,"oPoeoroeoioroao,o o oMoeorocoaosoao",4833.0,0.04
Zanahoria,Verduras y hortalizas,"oAoromoeonoioao,o oMoeorocoaoro",1694.0,0.0
Zanahoria,Verduras y hortalizas,"oBooogoootoáo,o oCoooroaoboaosotoooso",1861.0,0.08
Zanahoria,Verduras y hortalizas,"oBouocoaoroaomoaonogoao,o oCoeonotoroooaoboaosotoooso",1375.0,-0.02
Zanahoria,Verduras y hortalizas,"oCoúocouotoao,o oCoeonoaoboaosotoooso",1117.0,0.0
Zanahoria,Verduras y hortalizas,"oIoboaogouoéo,o oPoloaozoao oLoao o2o1o",1907.0,-0.09
Zanahoria,Verduras y hortalizas,"oMoeodoeololoíono,o oCoMoAo",878.0,0.05
Zanahoria,Verduras y hortalizas,"oNoeoiovoao,o oSouoroaoboaosotoooso",2000.0,-0.06
Zanahoria,Verduras y hortalizas,"oPoaosotooo,o oEolo oPoootoroeoroiololooo",750.0,0.05
Zanahoria,Verduras y hortalizas,oSoaonotoao oMoaorotoao,1417.0,-0.07
Zanahoria,Verduras y hortalizas,oTouonojoao,1010.0,0.01
Aguacate,Frutas frescas,"oBooogoootoáo,o oCoooroaoboaosotoooso",9438.0,-0.01
Aguacate,Frutas frescas,"oBouocoaoroaomoaonogoao,o oCoeonotoroooaoboaosotoooso",9000.0,0.0
Aguacate,Frutas frescas,"oCoaoloio,o o oCoaovoaosoao",8708.0,-0.02
Aguacate,Frutas frescas,"oCoúocouotoao,o oCoeonoaoboaosotoooso",8000.0,-0.05
Aguacate,Frutas frescas,"oIoboaogouoéo,o oPoloaozoao oLoao o2o1o",8000.0,0.0
Aguacate,Frutas frescas,"oMoaonoiozoaoloeoso,o oCoeonotorooo oGoaoloeoroíoaoso",7000.0,0.0
Aguacate,Frutas frescas,"oMoeodoeololoíono,o oCoMoAo",7875.0,-0.03
Aguacate,Frutas frescas,"oNoeoiovoao,o oSouoroaoboaosotoooso",8333.0,0.0
Aguacate,Frutas frescas,"oPoeoroeoioroao,o o oLoao o4o1o-oIomopoaoloao",9167.0,0.04
Aguacate,Frutas frescas,"oPoeoroeoioroao,o o oMoeorocoaosoao",8500.0,0.0
Aguacate,Frutas frescas,oTouonojoao,8750.0,-0.01
Banano,Frutas frescas,"oAoromoeonoioao,o oMoeorocoaoro",1433.0,0.0
Banano,Frutas frescas,"oBooogoootoáo,o oCoooroaoboaosotoooso",2363.0,-0.02
Banano,Frutas frescas,"oBouocoaoroaomoaonogoao,o oCoeonotoroooaoboaosotoooso",2700.0,0.0
Banano,Frutas frescas,"oCoaoloio,o o oCoaovoaosoao",2189.0,0.06
Banano,Frutas frescas,"oCoúocouotoao,o oCoeonoaoboaosotoooso",2500.0,0.0
Banano,Frutas frescas,"oIoboaogouoéo,o oPoloaozoao oLoao o2o1o",1633.0,-0.18
Banano,Frutas frescas,"oMoaonoiozoaoloeoso,o oCoeonotorooo oGoaoloeoroíoaoso",1500.0,0.0
Banano,Frutas frescas,"oMoeodoeololoíono,o oCoMoAo",1500.0,0.0
Banano,Frutas frescas,"oNoeoiovoao,o oSouoroaoboaosotoooso",1600.0,0.09
Banano,Frutas frescas,"oPoeoroeoioroao,o o oLoao o4o1o-oIomopoaoloao",1767.0,-0.03
Banano,Frutas frescas,"oPoeoroeoioroao,o o oMoeorocoaosoao",1700.0,-0.07
Banano,Frutas frescas,oSoaonotoao oMoaorotoao,1441.0,0.0
Banano,Frutas frescas,oTouonojoao,1850.0,-0.05
Coco,Frutas frescas,"oAoromoeonoioao,o oMoeorocoaoro",3633.0,0.0
Coco,Frutas frescas,"oBooogoootoáo,o oCoooroaoboaosotoooso",5677.0,0.0
Coco,Frutas frescas,"oCoaoloio,o o oCoaovoaosoao",4747.0,-0.02
Coco,Frutas frescas,"oMoaonoiozoaoloeoso,o oCoeonotorooo oGoaoloeoroíoaoso",7419.0,0.0
Coco,Frutas frescas,"oMoeodoeololoíono,o oCoMoAo",6058.0,0.0
Coco,Frutas frescas,"oPoeoroeoioroao,o o oMoeorocoaosoao",4533.0,0.0
Granadilla,Frutas frescas,"oAoromoeonoioao,o oMoeorocoaoro",9289.0,0.06
Granadilla,Frutas frescas,"oBooogoootoáo,o oCoooroaoboaosotoooso",6500.0,0.03
Granadilla,Frutas frescas,"oBouocoaoroaomoaonogoao,o oCoeonotoroooaoboaosotoooso",8304.0,-0.01
Granadilla,Frutas frescas,"oCoaoloio,o o oCoaovoaosoao",7111.0,0.07
Granadilla,Frutas frescas,"oCoúocouotoao,o oCoeonoaoboaosotoooso",8571.0,0.0
Granadilla,Frutas frescas,"oMoaonoiozoaoloeoso,o oCoeonotorooo oGoaoloeoroíoaoso",8667.0,0.0
Granadilla,Frutas frescas,"oMoeodoeololoíono,o oCoMoAo",4135.0,-0.04
Granadilla,Frutas frescas,"oNoeoiovoao,o oSouoroaoboaosotoooso",6000.0,-0.05
Granadilla,Frutas frescas,"oPoeoroeoioroao,o o oMoeorocoaosoao",6667.0,0.0
Granadilla,Frutas frescas,oTouonojoao,6633.0,-0.12
Guayaba,Frutas frescas,"oAoromoeonoioao,o oMoeorocoaoro",2067.0,0.0
Guayaba,Frutas frescas,"oBooogoootoáo,o oCoooroaoboaosotoooso",3482.0,0.13
Guayaba,Frutas frescas,"oBouocoaoroaomoaonogoao,o oCoeonotoroooaoboaosotoooso",1180.0,0.03
Guayaba,Frutas frescas,"oCoaoloio,o o oCoaovoaosoao",1883.0,0.2
Guayaba,Frutas frescas,"oCoúocouotoao,o oCoeonoaoboaosotoooso",3049.0,-0.01
Guayaba,Frutas frescas,"oMoaonoiozoaoloeoso,o oCoeonotorooo oGoaoloeoroíoaoso",3800.0,0.09
Guayaba,Frutas frescas,"oMoeodoeololoíono,o oCoMoAo",3575.0,-0.03
Guayaba,Frutas frescas,"oNoeoiovoao,o oSouoroaoboaosotoooso",2000.0,0.0
Guayaba,Frutas frescas,"oPoaosotooo,o oEolo oPoootoroeoroiololooo",1938.0,0.03
Guayaba,Frutas frescas,"oPoeoroeoioroao,o o oLoao o4o1o-oIomopoaoloao",2633.0,-0.1
Guayaba,Frutas frescas,"oPoeoroeoioroao,o o oMoeorocoaosoao",3233.0,0.21
Guayaba,Frutas frescas,oTouonojoao,2724.0,0.07
Limón común,Frutas frescas,"oAoromoeonoioao,o oMoeorocoaoro",5000.0,0.0
Limón común,Frutas frescas,"oBooogoootoáo,o oCoooroaoboaosotoooso",3250.0,0.0
Limón común,Frutas frescas,"oBouocoaoroaomoaonogoao,o oCoeonotoroooaoboaosotoooso",5100.0,0.02
Limón común,Frutas frescas,"oCoaoloio,o o oCoaovoaosoao",4917.0,-0.07
Limón común,Frutas frescas,"oCoúocouotoao,o oCoeonoaoboaosotoooso",6417.0,0.0
Limón común,Frutas frescas,"oIoboaogouoéo,o oPoloaozoao oLoao o2o1o",3286.0,-0.04
Limón común,Frutas frescas,"oMoeodoeololoíono,o oCoMoAo",3643.0,0.0
Limón común,Frutas frescas,"oNoeoiovoao,o oSouoroaoboaosotoooso",4267.0,0.0
Limón común,Frutas frescas,"oPoeoroeoioroao,o o oLoao o4o1o-oIomopoaoloao",5750.0,0.0
Limón común,Frutas frescas,"oPoeoroeoioroao,o o oMoeorocoaosoao",5000.0,-0.12
Limón Tahití,Frutas frescas,"oAoromoeonoioao,o oMoeorocoaoro",1867.0,0.0
Limón Tahití,Frutas frescas,"oBooogoootoáo,o oCoooroaoboaosotoooso",3857.0,0.1
Limón Tahití,Frutas frescas,"oBouocoaoroaomoaonogoao,o oCoeonotoroooaoboaosotoooso",3100.0,0.35
Limón Tahití,Frutas frescas,"oCoaoloio,o o oCoaovoaosoao",3283.0,0.06
Limón Tahití,Frutas frescas,"oCoúocouotoao,o oCoeonoaoboaosotoooso",3030.0,-0.02
Limón Tahití,Frutas frescas,"oIoboaogouoéo,o oPoloaozoao oLoao o2o1o",3048.0,-0.04
Limón Tahití,Frutas frescas,"oMoaonoiozoaoloeoso,o oCoeonotorooo oGoaoloeoroíoaoso",1800.0,-0.1
Limón Tahití,Frutas frescas,"oMoeodoeololoíono,o oCoMoAo",3025.0,-0.03
Limón Tahití,Frutas frescas,"oNoeoiovoao,o oSouoroaoboaosotoooso",4000.0,0.05
Limón Tahití,Frutas frescas,"oPoaosotooo,o oEolo oPoootoroeoroiololooo",2857.0,0.03
Limón Tahití,Frutas frescas,"oPoeoroeoioroao,o o oLoao o4o1o-oIomopoaoloao",2167.0,-0.1
Limón Tahití,Frutas frescas,"oPoeoroeoioroao,o o oMoeorocoaosoao",2450.0,0.03
Limón Tahití,Frutas frescas,oTouonojoao,3068.0,0.02
Lulo,Frutas frescas,"oAoromoeonoioao,o oMoeorocoaoro",4567.0,-0.09
Lulo,Frutas frescas,"oBooogoootoáo,o oCoooroaoboaosotoooso",5025.0,0.0
Lulo,Frutas frescas,"oBouocoaoroaomoaonogoao,o oCoeonotoroooaoboaosotoooso",5500.0,-0.01
Lulo,Frutas frescas,"oCoaoloio,o o oCoaovoaosoao",4692.0,-0.08
Lulo,Frutas frescas,"oCoúocouotoao,o oCoeonoaoboaosotoooso",6500.0,-0.04
Lulo,Frutas frescas,"oIoboaogouoéo,o oPoloaozoao oLoao o2o1o",5333.0,0.03
Lulo,Frutas frescas,"oMoaonoiozoaoloeoso,o oCoeonotorooo oGoaoloeoroíoaoso",6000.0,0.0
Lulo,Frutas frescas,"oMoeodoeololoíono,o oCoMoAo",4800.0,-0.02
Lulo,Frutas frescas,"oNoeoiovoao,o oSouoroaoboaosotoooso",5067.0,-0.05
Lulo,Frutas frescas,"oPoaosotooo,o oEolo oPoootoroeoroiololooo",3768.0,0.0
Lulo,Frutas frescas,"oPoeoroeoioroao,o o oLoao o4o1o-oIomopoaoloao",5700.0,-0.01
Lulo,Frutas frescas,"oPoeoroeoioroao,o o oMoeorocoaosoao",5633.0,0.06
Lulo,Frutas frescas,oTouonojoao,4600.0,-0.01
Mandarina,Frutas frescas,"oAoromoeonoioao,o oMoeorocoaoro",2933.0,0.0
Mandarina,Frutas frescas,"oBooogoootoáo,o oCoooroaoboaosotoooso",4773.0,0.02
Mandarina,Frutas frescas,"oBouocoaoroaomoaonogoao,o oCoeonotoroooaoboaosotoooso",4185.0,0.03
Mandarina,Frutas frescas,"oCoaoloio,o o oCoaovoaosoao",4250.0,-0.06
Mandarina,Frutas frescas,"oCoúocouotoao,o oCoeonoaoboaosotoooso",5000.0,0.02
Mandarina,Frutas frescas,"oMoaonoiozoaoloeoso,o oCoeonotorooo oGoaoloeoroíoaoso",3000.0,0.11
Mandarina,Frutas frescas,"oMoeodoeololoíono,o oCoMoAo",3375.0,0.03
Mandarina,Frutas frescas,"oPoeoroeoioroao,o o oLoao o4o1o-oIomopoaoloao",2733.0,-0.09
Mandarina,Frutas frescas,"oPoeoroeoioroao,o o oMoeorocoaosoao",2700.0,0.01
Mandarina,Frutas frescas,oTouonojoao,4375.0,0.03
Mango Tommy,Frutas frescas,"oAoromoeonoioao,o oMoeorocoaoro",5667.0,0.0
Mango Tommy,Frutas frescas,"oBooogoootoáo,o oCoooroaoboaosotoooso",9479.0,0.07
Mango Tommy,Frutas frescas,"oBouocoaoroaomoaonogoao,o oCoeonotoroooaoboaosotoooso",9050.0,0.01
Mango Tommy,Frutas frescas,"oCoaoloio,o o oCoaovoaosoao",8967.0,-0.04
Mango Tommy,Frutas frescas,"oMoaonoiozoaoloeoso,o oCoeonotorooo oGoaoloeoroíoaoso",10000.0,0.0
Mango Tommy,Frutas frescas,"oMoeodoeololoíono,o oCoMoAo",8725.0,0.01
Mango Tommy,Frutas frescas,"oNoeoiovoao,o oSouoroaoboaosotoooso",7000.0,0.0
Mango Tommy,Frutas frescas,"oPoaosotooo,o oEolo oPoootoroeoroiololooo",7600.0,0.03
Mango Tommy,Frutas frescas,"oPoeoroeoioroao,o o oLoao o4o1o-oIomopoaoloao",9333.0,0.01
Mango Tommy,Frutas frescas,"oPoeoroeoioroao,o o oMoeorocoaosoao",9467.0,0.0
Mango Tommy,Frutas frescas,oTouonojoao,7768.0,0.0
Manzana royal gala,Frutas frescas,"oAoromoeonoioao,o oMoeorocoaoro",8070.0,0.0
Manzana royal gala,Frutas frescas,"oBooogoootoáo,o oCoooroaoboaosotoooso",8092.0,0.0
Manzana royal gala,Frutas frescas,"oBouocoaoroaomoaonogoao,o oCoeonotoroooaoboaosotoooso",7875.0,0.0
Manzana royal gala,Frutas frescas,"oCoaoloio,o o oCoaovoaosoao",7895.0,-0.02
Manzana royal gala,Frutas frescas,"oCoúocouotoao,o oCoeonoaoboaosotoooso",8167.0,0.04
Manzana royal gala,Frutas frescas,"oIoboaogouoéo,o oPoloaozoao oLoao o2o1o",8070.0,0.05
Manzana royal gala,Frutas frescas,"oMoaonoiozoaoloeoso,o oCoeonotorooo oGoaoloeoroíoaoso",8158.0,0.03
Manzana royal gala,Frutas frescas,"oMoeodoeololoíono,o oCoMoAo",7105.0,-0.07
Manzana royal gala,Frutas frescas,"oNoeoiovoao,o oSouoroaoboaosotoooso",9237.0,0.0
Manzana royal gala,Frutas frescas,"oPoaosotooo,o oEolo oPoootoroeoroiololooo",7303.0,-0.01
Manzana royal gala,Frutas frescas,"oPoeoroeoioroao,o o oMoeorocoaosoao",7368.0,-0.02
Manzana royal gala,Frutas frescas,oTouonojoao,8596.0,0.0
Maracuyá,Frutas frescas,"oAoromoeonoioao,o oMoeorocoaoro",3467.0,0.0
Maracuyá,Frutas frescas,"oBooogoootoáo,o oCoooroaoboaosotoooso",5625.0,0.19
Maracuyá,Frutas frescas,"oBouocoaoroaomoaonogoao,o oCoeonotoroooaoboaosotoooso",4300.0,-0.01
Maracuyá,Frutas frescas,"oCoaoloio,o o oCoaovoaosoao",6146.0,0.06
Maracuyá,Frutas frescas,"oCoúocouotoao,o oCoeonoaoboaosotoooso",6208.0,0.07
Maracuyá,Frutas frescas,"oIoboaogouoéo,o oPoloaozoao oLoao o2o1o",4880.0,0.02
Maracuyá,Frutas frescas,"oMoaonoiozoaoloeoso,o oCoeonotorooo oGoaoloeoroíoaoso",6300.0,-0.03
Maracuyá,Frutas frescas,"oMoeodoeololoíono,o oCoMoAo",4238.0,0.07
Maracuyá,Frutas frescas,"oPoaosotooo,o oEolo oPoootoroeoroiololooo",5417.0,0.0
Maracuyá,Frutas frescas,"oPoeoroeoioroao,o o oLoao o4o1o-oIomopoaoloao",5767.0,-0.02
Maracuyá,Frutas frescas,"oPoeoroeoioroao,o o oMoeorocoaosoao",5950.0,0.01
Maracuyá,Frutas frescas,oTouonojoao,4625.0,0.0
Mora de Castilla,Frutas frescas,"oAoromoeonoioao,o oMoeorocoaoro",7767.0,0.0
Mora de Castilla,Frutas frescas,"oBooogoootoáo,o oCoooroaoboaosotoooso",6375.0,-0.04
Mora de Castilla,Frutas frescas,"oBouocoaoroaomoaonogoao,o oCoeonotoroooaoboaosotoooso",5700.0,0.0
Mora de Castilla,Frutas frescas,"oCoaoloio,o o oCoaovoaosoao",6567.0,0.07
Mora de Castilla,Frutas frescas,"oCoúocouotoao,o oCoeonoaoboaosotoooso",5174.0,0.0
Mora de Castilla,Frutas frescas,"oIoboaogouoéo,o oPoloaozoao oLoao o2o1o",7700.0,-0.01
Mora de Castilla,Frutas frescas,"oMoaonoiozoaoloeoso,o oCoeonotorooo oGoaoloeoroíoaoso",8000.0,0.0
Mora de Castilla,Frutas frescas,"oMoeodoeololoíono,o oCoMoAo",5275.0,-0.04
Mora de Castilla,Frutas frescas,"oNoeoiovoao,o oSouoroaoboaosotoooso",5200.0,0.04
Mora de Castilla,Frutas frescas,"oPoaosotooo,o oEolo oPoootoroeoroiololooo",4938.0,-0.04
Mora de Castilla,Frutas frescas,"oPoeoroeoioroao,o o oLoao o4o1o-oIomopoaoloao",7750.0,0.0
Mora de Castilla,Frutas frescas,"oPoeoroeoioroao,o o oMoeorocoaosoao",7167.0,0.1
Mora de Castilla,Frutas frescas,oSoaonotoao oMoaorotoao,5800.0,0.02
Mora de Castilla,Frutas frescas,oTouonojoao,5925.0,0.02
Naranja,Frutas frescas,"oBooogoootoáo,o oCoooroaoboaosotoooso",2769.0,-0.02
Naranja,Frutas frescas,"oBouocoaoroaomoaonogoao,o oCoeonotoroooaoboaosotoooso",1980.0,0.05
Naranja,Frutas frescas,"oCoúocouotoao,o oCoeonoaoboaosotoooso",2236.0,-0.04
Naranja,Frutas frescas,"oMoaonoiozoaoloeoso,o oCoeonotorooo oGoaoloeoroíoaoso",1600.0,0.0
Naranja,Frutas frescas,"oMoeodoeololoíono,o oCoMoAo",3475.0,0.01
Naranja,Frutas frescas,"oPoeoroeoioroao,o o oMoeorocoaosoao",2367.0,0.15
Naranja,Frutas frescas,oTouonojoao,1887.0,-0.02
Papaya Maradol,Frutas frescas,"oAoromoeonoioao,o oMoeorocoaoro",1200.0,-0.18
Papaya Maradol,Frutas frescas,"oCoaoloio,o o oCoaovoaosoao",2242.0,0.0
Papaya Maradol,Frutas frescas,"oCoúocouotoao,o oCoeonoaoboaosotoooso",3500.0,0.0
Papaya Maradol,Frutas frescas,"oMoaonoiozoaoloeoso,o oCoeonotorooo oGoaoloeoroíoaoso",2500.0,-0.11
Papaya Maradol,Frutas frescas,"oMoeodoeololoíono,o oCoMoAo",3525.0,-0.01
Papaya Maradol,Frutas frescas,"oPoaosotooo,o oEolo oPoootoroeoroiololooo",2500.0,0.0
Papaya Maradol,Frutas frescas,"oPoeoroeoioroao,o o oLoao o4o1o-oIomopoaoloao",2400.0,-0.04
Papaya Maradol,Frutas frescas,"oPoeoroeoioroao,o o oMoeorocoaosoao",2433.0,0.01
Piña,Frutas frescas,"oAoromoeonoioao,o oMoeorocoaoro",2733.0,0.12
Piña,Frutas frescas,"oBooogoootoáo,o oCoooroaoboaosotoooso",2250.0,-0.02
Piña,Frutas frescas,"oBouocoaoroaomoaonogoao,o oCoeonotoroooaoboaosotoooso",2500.0,0.03
Piña,Frutas frescas,"oCoaoloio,o o oCoaovoaosoao",3683.0,0.04
Piña,Frutas frescas,"oIoboaogouoéo,o oPoloaozoao oLoao o2o1o",3950.0,-0.05
Piña,Frutas frescas,"oMoaonoiozoaoloeoso,o oCoeonotorooo oGoaoloeoroíoaoso",4500.0,0.0
Piña,Frutas frescas,"oMoeodoeololoíono,o oCoMoAo",4700.0,0.01
Piña,Frutas frescas,"oPoeoroeoioroao,o o oLoao o4o1o-oIomopoaoloao",5300.0,0.01
Piña,Frutas frescas,"oPoeoroeoioroao,o o oMoeorocoaosoao",4467.0,0.02
Tomate de árbol,Frutas frescas,"oAoromoeonoioao,o oMoeorocoaoro",5267.0,0.0
Tomate de árbol,Frutas frescas,"oBooogoootoáo,o oCoooroaoboaosotoooso",4200.0,0.0
Tomate de árbol,Frutas frescas,"oBouocoaoroaomoaonogoao,o oCoeonotoroooaoboaosotoooso",4850.0,0.01
Tomate de árbol,Frutas frescas,"oCoaoloio,o o oCoaovoaosoao",4683.0,0.02
Tomate de árbol,Frutas frescas,"oCoúocouotoao,o oCoeonoaoboaosotoooso",4933.0,0.01
Tomate de árbol,Frutas frescas,"oIoboaogouoéo,o oPoloaozoao oLoao o2o1o",4267.0,0.1
Tomate de árbol,Frutas frescas,"oMoaonoiozoaoloeoso,o oCoeonotorooo oGoaoloeoroíoaoso",4200.0,-0.05
Tomate de árbol,Frutas frescas,"oMoeodoeololoíono,o oCoMoAo",4075.0,0.0
Tomate de árbol,Frutas frescas,"oNoeoiovoao,o oSouoroaoboaosotoooso",4333.0,0.0
Tomate de árbol,Frutas frescas,"oPoaosotooo,o oEolo oPoootoroeoroiololooo",4150.0,0.0
Tomate de árbol,Frutas frescas,"oPoeoroeoioroao,o o oLoao o4o1o-oIomopoaoloao",4233.0,-0.04
Tomate de árbol,Frutas frescas,"oPoeoroeoioroao,o o oMoeorocoaosoao",4125.0,-0.02
Tomate de árbol,Frutas frescas,oSoaonotoao oMoaorotoao,5200.0,0.0
Tomate de árbol,Frutas frescas,oTouonojoao,4100.0,-0.02
Arracacha,"Tubérculos, raíces y plátanos","oBooogoootoáo,o oCoooroaoboaosotoooso",3417.0,-0.02
Arracacha,"Tubérculos, raíces y plátanos","oBouocoaoroaomoaonogoao,o oCoeonotoroooaoboaosotoooso",3867.0,-0.21
Arracacha,"Tubérculos, raíces y plátanos","oCoúocouotoao,o oCoeonoaoboaosotoooso",3400.0,-0.06
Arracacha,"Tubérculos, raíces y plátanos","oIoboaogouoéo,o oPoloaozoao oLoao o2o1o",3413.0,-0.11
Arracacha,"Tubérculos, raíces y plátanos","oMoeodoeololoíono,o oCoMoAo",3656.0,0.01
Arracacha,"Tubérculos, raíces y plátanos","oNoeoiovoao,o oSouoroaoboaosotoooso",4560.0,-0.01
Arracacha,"Tubérculos, raíces y plátanos","oPoaosotooo,o oEolo oPoootoroeoroiololooo",3250.0,-0.03
Arracacha,"Tubérculos, raíces y plátanos","oPoeoroeoioroao,o o oLoao o4o1o-oIomopoaoloao",3000.0,-0.03
Arracacha,"Tubérculos, raíces y plátanos","oPoeoroeoioroao,o o oMoeorocoaosoao",4500.0,-0.02
Arracacha,"Tubérculos, raíces y plátanos",oTouonojoao,3250.0,-0.03
Papa negra,"Tubérculos, raíces y plátanos","oAoromoeonoioao,o oMoeorocoaoro",2070.0,0.0
Papa negra,"Tubérculos, raíces y plátanos","oBooogoootoáo,o oCoooroaoboaosotoooso",2500.0,-0.02
Papa negra,"Tubérculos, raíces y plátanos","oBouocoaoroaomoaonogoao,o oCoeonotoroooaoboaosotoooso",2450.0,-0.04
Papa negra,"Tubérculos, raíces y plátanos","oCoaoloio,o o oCoaovoaosoao",2200.0,0.02
Papa negra,"Tubérculos, raíces y plátanos","oMoaonoiozoaoloeoso,o oCoeonotorooo oGoaoloeoroíoaoso",2400.0,0.0
Papa negra,"Tubérculos, raíces y plátanos","oMoeodoeololoíono,o oCoMoAo",2650.0,0.0
Papa negra,"Tubérculos, raíces y plátanos","oPoeoroeoioroao,o o oLoao o4o1o-oIomopoaoloao",2227.0,-0.01
Papa negra,"Tubérculos, raíces y plátanos","oPoeoroeoioroao,o o oMoeorocoaosoao",2273.0,0.0
Papa  criolla,"Tubérculos, raíces y plátanos","oAoromoeonoioao,o oMoeorocoaoro",5556.0,0.04
Papa  criolla,"Tubérculos, raíces y plátanos","oBooogoootoáo,o oCoooroaoboaosotoooso",6833.0,0.0
Papa  criolla,"Tubérculos, raíces y plátanos","oBouocoaoroaomoaonogoao,o oCoeonotoroooaoboaosotoooso",4650.0,-0.11
Papa  criolla,"Tubérculos, raíces y plátanos","oCoaoloio,o o oCoaovoaosoao",4517.0,-0.02
Papa  criolla,"Tubérculos, raíces y plátanos","oCoúocouotoao,o oCoeonoaoboaosotoooso",3883.0,-0.03
Papa  criolla,"Tubérculos, raíces y plátanos","oIoboaogouoéo,o oPoloaozoao oLoao o2o1o",5733.0,-0.06
Papa  criolla,"Tubérculos, raíces y plátanos","oMoaonoiozoaoloeoso,o oCoeonotorooo oGoaoloeoroíoaoso",5521.0,0.01
Papa  criolla,"Tubérculos, raíces y plátanos","oMoeodoeololoíono,o oCoMoAo",4750.0,-0.05
Papa  criolla,"Tubérculos, raíces y plátanos","oPoaosotooo,o oEolo oPoootoroeoroiololooo",2500.0,-0.06
Papa  criolla,"Tubérculos, raíces y plátanos","oPoeoroeoioroao,o o oLoao o4o1o-oIomopoaoloao",5733.0,-0.04
Papa  criolla,"Tubérculos, raíces y plátanos","oPoeoroeoioroao,o o oMoeorocoaosoao",5800.0,-0.01
Papa  criolla,"Tubérculos, raíces y plátanos",oTouonojoao,4253.0,-0.02
Plátano guineo,"Tubérculos, raíces y plátanos","oBooogoootoáo,o oCoooroaoboaosotoooso",2350.0,0.03
Plátano guineo,"Tubérculos, raíces y plátanos","oMoeodoeololoíono,o oCoMoAo",1100.0,-0.02
Plátano guineo,"Tubérculos, raíces y plátanos","oNoeoiovoao,o oSouoroaoboaosotoooso",1500.0,0.0
Plátano hartón verde,"Tubérculos, raíces y plátanos","oAoromoeonoioao,o oMoeorocoaoro",1267.0,0.0
Plátano hartón verde,"Tubérculos, raíces y plátanos","oBooogoootoáo,o oCoooroaoboaosotoooso",3375.0,0.04
Plátano hartón verde,"Tubérculos, raíces y plátanos","oBouocoaoroaomoaonogoao,o oCoeonotoroooaoboaosotoooso",4060.0,0.0
Plátano hartón verde,"Tubérculos, raíces y plátanos","oCoaoloio,o o oCoaovoaosoao",1450.0,0.04
Plátano hartón verde,"Tubérculos, raíces y plátanos","oCoúocouotoao,o oCoeonoaoboaosotoooso",3317.0,0.0
Plátano hartón verde,"Tubérculos, raíces y plátanos","oIoboaogouoéo,o oPoloaozoao oLoao o2o1o",2125.0,0.25
Plátano hartón verde,"Tubérculos, raíces y plátanos","oMoeodoeololoíono,o oCoMoAo",1625.0,0.16
Plátano hartón verde,"Tubérculos, raíces y plátanos","oNoeoiovoao,o oSouoroaoboaosotoooso",1933.0,0.07
Plátano hartón verde,"Tubérculos, raíces y plátanos","oPoeoroeoioroao,o o oLoao o4o1o-oIomopoaoloao",1100.0,-0.03
Plátano hartón verde,"Tubérculos, raíces y plátanos","oPoeoroeoioroao,o o oMoeorocoaosoao",1300.0,-0.07
Plátano hartón verde,"Tubérculos, raíces y plátanos",oSoaonotoao oMoaorotoao,2375.0,0.01
Plátano hartón verde,"Tubérculos, raíces y plátanos",oTouonojoao,2713.0,0.02
Yuca,"Tubérculos, raíces y plátanos","oAoromoeonoioao,o oMoeorocoaoro",2180.0,-0.05
Yuca,"Tubérculos, raíces y plátanos","oBooogoootoáo,o oCoooroaoboaosotoooso",2521.0,0.01
Yuca,"Tubérculos, raíces y plátanos","oBouocoaoroaomoaonogoao,o oCoeonotoroooaoboaosotoooso",2917.0,0.0
Yuca,"Tubérculos, raíces y plátanos","oCoúocouotoao,o oCoeonoaoboaosotoooso",2667.0,0.0
Yuca,"Tubérculos, raíces y plátanos","oMoaonoiozoaoloeoso,o oCoeonotorooo oGoaoloeoroíoaoso",2600.0,0.0
Yuca,"Tubérculos, raíces y plátanos","oMoeodoeololoíono,o oCoMoAo",2750.0,0.0
Yuca,"Tubérculos, raíces y plátanos","oPoeoroeoioroao,o o oLoao o4o1o-oIomopoaoloao",1800.0,-0.03
Yuca,"Tubérculos, raíces y plátanos","oPoeoroeoioroao,o o oMoeorocoaosoao",1920.0,0.05
