codigoestacion,codigosensor,fechaobservacion,valorobservado,nombreestacion,departamento,municipio,zonahidrografica,latitud,longitud,descripcionsensor,unidadmedida,valorobservado_lag_1,valorobservado_lag_2,valorobservado_lag_7,valorobservado_rolling_mean_7,valorobservado_rolling_std_7,valorobservado_rolling_mean_14,valorobservado_rolling_std_14,sin_mes,cos_mes,sin_dia_ano,cos_dia_ano,sin_dia_semana,cos_dia_semana
35095120,240,2020-03-11 00:00:00,0.0,AQUITANIA - AUT,BOYACÁ,AQUITANIA,META,5.556638889,-72.88175,Precipitacion,mm,,,,0.0,0.0,0.0,0.0,1.0,6.123233995736766e-17,0.9395699859530622,0.342356891994542,0.9749279121818236,-0.22252093395631434
35025080,240,2020-03-11 00:10:00,0.0,PNN CHINGAZA - AUT,CUNDINAMARCA,LA CALERA,META,4.661,-73.82733333,Precipitacion,mm,0.0,,,0.0,0.0,0.0,0.0,1.0,6.123233995736766e-17,0.9395699859530622,0.342356891994542,0.9749279121818236,-0.22252093395631434
5204700100,240,2020-03-11 00:20:00,0.0,PUENTE LOS DOLORES - AUT,NARIÑO,PASTO,PATÍA,1.199805556,-77.265694444,Precipitacion,mm,0.0,0.0,,0.0,0.0,0.0,0.0,1.0,6.123233995736766e-17,0.9395699859530622,0.342356891994542,0.9749279121818236,-0.22252093395631434
26237040,240,2020-03-11 00:20:00,0.0,PTO VALDIVIA,ANTIOQUIA,VALDIVIA,CAUCA,7.287,-75.396,Precipitacion,mm,0.0,0.0,,0.0,0.0,0.0,0.0,1.0,6.123233995736766e-17,0.9395699859530622,0.342356891994542,0.9749279121818236,-0.22252093395631434
24055501,240,2020-03-11 00:30:00,0.0,CHUCURI  - AUT,SANTANDER,SAN VICENTE DE CHUCURÍ,SOGAMOSO,6.863566667,-73.38411667,Precipitacion,mm,0.0,0.0,,0.0,0.0,0.0,0.0,1.0,6.123233995736766e-17,0.9395699859530622,0.342356891994542,0.9749279121818236,-0.22252093395631434
1111500036,240,2020-03-11 00:30:00,0.0,ABRIAQUI - AUT,ANTIOQUIA,ABRIAQUÍ,ATRATO - DARIÉN,6.6363,-76.070733333,Precipitacion,mm,0.0,0.0,,0.0,0.0,0.0,0.0,1.0,6.123233995736766e-17,0.9395699859530622,0.342356891994542,0.9749279121818236,-0.22252093395631434
2805500075,240,2020-03-11 00:40:00,0.0,CURUMANÍ - AUT,CESAR,CURUMANÍ,CESAR,9.238138889,-73.512916667,Precipitacion,mm,0.0,0.0,,0.0,0.0,0.0,0.0,1.0,6.123233995736766e-17,0.9395699859530622,0.342356891994542,0.9749279121818236,-0.22252093395631434
26075501,240,2020-03-11 00:40:00,0.0,FLORIDA  - AUT,VALLE DEL CAUCA,FLORIDA,CAUCA,3.291469444,-76.17735833,Precipitacion,mm,0.0,0.0,0.0,0.0,0.0,0.0,0.0,1.0,6.123233995736766e-17,0.9395699859530622,0.342356891994542,0.9749279121818236,-0.22252093395631434
36015501,240,2020-03-11 00:45:00,0.0,TAMARA  - AUT,CASANARE,TÁMARA,CASANARE,5.872219444,-72.11944167,Precipitacion,mm,0.0,0.0,0.0,0.0,0.0,0.0,0.0,1.0,6.123233995736766e-17,0.9395699859530622,0.342356891994542,0.9749279121818236,-0.22252093395631434
26115090,240,2020-03-11 00:50:00,0.0,LAS BRISAS - AUT,VALLE DEL CAUCA,ANSERMANUEVO,SAN JUÁN,4.775583333,-76.14427778,Precipitacion,mm,0.0,0.0,0.0,0.0,0.0,0.0,0.0,1.0,6.123233995736766e-17,0.9395699859530622,0.342356891994542,0.9749279121818236,-0.22252093395631434
35035110,240,2020-03-11 00:50:00,0.0,SALINAS DE UPIN  - AUT,META,RESTREPO,META,4.273861111,-73.58686111,Precipitacion,mm,0.0,0.0,0.0,0.0,0.0,0.0,0.0,1.0,6.123233995736766e-17,0.9395699859530622,0.342356891994542,0.9749279121818236,-0.22252093395631434
26247010,240,2020-03-11 00:50:00,0.0,PALMIRA HACIENDA  - AUT,ANTIOQUIA,CÁCERES,CAUCA,7.796777778,-75.37252778,Precipitacion,mm,0.0,0.0,0.0,0.0,0.0,0.0,0.0,1.0,6.123233995736766e-17,0.9395699859530622,0.342356891994542,0.9749279121818236,-0.22252093395631434
26155150,240,2020-03-11 01:00:00,0.0,LAS BRISAS - AUT,CALDAS,VILLAMARIA,MEDIO MAGDALENA,4.934527778,-75.35038889,Precipitacion,mm,0.0,0.0,0.0,0.0,0.0,0.0,0.0,1.0,6.123233995736766e-17,0.9395699859530622,0.342356891994542,0.9749279121818236,-0.22252093395631434
26155502,240,2020-03-11 01:05:00,0.0,CENICAFE  - AUT,CALDAS,MANIZALES,CAUCA,4.991111111,-75.59749722,Precipitacion,mm,0.0,0.0,0.0,0.0,0.0,0.0,0.0,1.0,6.123233995736766e-17,0.9395699859530622,0.342356891994542,0.9749279121818236,-0.22252093395631434
2401500040,240,2020-03-11 01:10:00,0.0,CUCUNUBA - AUT,CUNDINAMARCA,CUCUNUBÁ,SOGAMOSO,5.219558333,-73.784541667,Precipitacion,mm,0.0,0.0,0.0,0.0,0.0,0.0,0.0,1.0,6.123233995736766e-17,0.9395699859530622,0.342356891994542,0.9749279121818236,-0.22252093395631434
21115501,240,2020-03-11 01:10:00,0.0,TELLO  - AUT,HUILA,TELLO,ALTO MAGDALENA,2.960666667,-75.02849722,Precipitacion,mm,0.0,0.0,0.0,0.0,0.0,0.0,0.0,1.0,6.123233995736766e-17,0.9395699859530622,0.342356891994542,0.9749279121818236,-0.22252093395631434
2301700089,240,2020-03-11 01:20:00,0.0,GUALÍ ALERTAS - AUT,TOLIMA,FRESNO,MEDIO MAGDALENA,5.134277778,-75.062055556,Precipitacion,mm,0.0,0.0,0.0,0.0,0.0,0.0,0.0,1.0,6.123233995736766e-17,0.9395699859530622,0.342356891994542,0.9749279121818236,-0.22252093395631434
26095320,240,2020-03-11 01:20:00,0.0,EL VINCULO - AUT,VALLE DEL CAUCA,BUGA,CAUCA,3.834805556,-76.30000556,Precipitacion,mm,0.0,0.0,0.0,0.0,0.0,0.0,0.0,1.0,6.123233995736766e-17,0.9395699859530622,0.342356891994542,0.9749279121818236,-0.22252093395631434
26237040,240,2020-03-11 01:40:00,0.0,PTO VALDIVIA,ANTIOQUIA,VALDIVIA,CAUCA,7.287,-75.396,Precipitacion,mm,0.0,0.0,0.0,0.0,0.0,0.0,0.0,1.0,6.123233995736766e-17,0.9395699859530622,0.342356891994542,0.9749279121818236,-0.22252093395631434
21205940,240,2020-03-11 01:50:00,0.0,VILLA INES  - AUT,CUNDINAMARCA,FACATATIVÁ,ALTO MAGDALENA,4.834972222,-74.38397222,Precipitacion,mm,0.0,0.0,0.0,0.0,0.0,0.0,0.0,1.0,6.123233995736766e-17,0.9395699859530622,0.342356891994542,0.9749279121818236,-0.22252093395631434
2319500125,240,2020-03-11 02:00:00,0.0,POLIDEPORTIVO CACHIRA - AUT,NORTE DE SANTANDER,CÁCHIRA,MEDIO MAGDALENA,7.649638889,-73.178361111,Precipitacion,mm,0.0,0.0,0.0,0.0,0.0,0.0,0.0,1.0,6.123233995736766e-17,0.9395699859530622,0.342356891994542,0.9749279121818236,-0.22252093395631434
1501700160,240,2020-03-11 02:10:00,0.0,RIO MANZANARES ALERTAS - AUT,MAGDALENA,SANTA MARTA,CARIBE - GUAJIRA,11.187080556,-74.096905556,Precipitacion,mm,0.0,0.0,0.0,0.0,0.0,0.0,0.0,1.0,6.123233995736766e-17,0.9395699859530622,0.342356891994542,0.9749279121818236,-0.22252093395631434
21185501,240,2020-03-11 02:15:00,0.0,ROVIRA  - AUT,TOLIMA,ROVIRA,ALTO MAGDALENA,4.266666667,-75.28305556,Precipitacion,mm,0.0,0.0,0.0,0.0,0.0,0.0,0.0,1.0,6.123233995736766e-17,0.9395699859530622,0.342356891994542,0.9749279121818236,-0.22252093395631434
22057060,240,2020-03-11 02:20:00,0.0,LA MURALLA - AUT,TOLIMA,ATACO,SALDAÑA,3.481361111,-75.46697222,Precipitacion,mm,0.0,0.0,0.0,0.0,0.0,0.0,0.0,1.0,6.123233995736766e-17,0.9395699859530622,0.342356891994542,0.9749279121818236,-0.22252093395631434
23035030,240,2020-03-11 02:20:00,0.1,BASE PALANQUERO  - AUT,CUNDINAMARCA,PUERTO SALGAR,MEDIO MAGDALENA,5.492861111,-74.658,Precipitacion,mm,0.0,0.0,0.0,0.014285714285714287,0.03779644730092272,0.0071428571428571435,0.02672612419124244,1.0,6.123233995736766e-17,0.9395699859530622,0.342356891994542,0.9749279121818236,-0.22252093395631434
12015060,240,2020-03-11 02:30:00,0.0,TULENAPA  - AUT,ANTIOQUIA,CAREPA,CARIBE - LITORAL,7.773944444,-76.66575,Precipitacion,mm,0.1,0.0,0.0,0.014285714285714287,0.03779644730092272,0.0071428571428571435,0.02672612419124244,1.0,6.123233995736766e-17,0.9395699859530622,0.342356891994542,0.9749279121818236,-0.22252093395631434
22057060,240,2020-03-11 02:40:00,0.0,LA MURALLA - AUT,TOLIMA,ATACO,SALDAÑA,3.481361111,-75.46697222,Precipitacion,mm,0.0,0.1,0.0,0.014285714285714287,0.03779644730092272,0.0071428571428571435,0.02672612419124244,1.0,6.123233995736766e-17,0.9395699859530622,0.342356891994542,0.9749279121818236,-0.22252093395631434
21127030,240,2020-03-11 02:40:00,0.0,SANTA MARIA  - AUT,HUILA,SANTA MARÍA,ALTO MAGDALENA,2.971777778,-75.59244444,Precipitacion,mm,0.0,0.0,0.0,0.014285714285714287,0.03779644730092272,0.0071428571428571435,0.02672612419124244,1.0,6.123233995736766e-17,0.9395699859530622,0.342356891994542,0.9749279121818236,-0.22252093395631434
26095320,240,2020-03-11 02:50:00,0.0,EL VINCULO - AUT,VALLE DEL CAUCA,BUGA,CAUCA,3.834805556,-76.30000556,Precipitacion,mm,0.0,0.0,0.0,0.014285714285714287,0.03779644730092272,0.0071428571428571435,0.02672612419124244,1.0,6.123233995736766e-17,0.9395699859530622,0.342356891994542,0.9749279121818236,-0.22252093395631434
26217010,240,2020-03-11 03:00:00,0.0,LA GALERA - AUT,ANTIOQUIA,SANTA FE DE ANTIOQUIA,CAUCA,6.554972222,-75.86419444,Precipitacion,mm,0.0,0.0,0.0,0.014285714285714287,0.03779644730092272,0.0071428571428571435,0.02672612419124244,1.0,6.123233995736766e-17,0.9395699859530622,0.342356891994542,0.9749279121818236,-0.22252093395631434
26217010,240,2020-03-11 03:30:00,0.0,LA GALERA - AUT,ANTIOQUIA,SANTA FE DE ANTIOQUIA,CAUCA,6.554972222,-75.86419444,Precipitacion,mm,0.0,0.0,0.0,0.014285714285714287,0.03779644730092272,0.0071428571428571435,0.02672612419124244,1.0,6.123233995736766e-17,0.9395699859530622,0.342356891994542,0.9749279121818236,-0.22252093395631434
36015501,240,2020-03-11 03:35:00,0.0,TAMARA  - AUT,CASANARE,TÁMARA,CASANARE,5.872219444,-72.11944167,Precipitacion,mm,0.0,0.0,0.1,0.0,0.0,0.0071428571428571435,0.02672612419124244,1.0,6.123233995736766e-17,0.9395699859530622,0.342356891994542,0.9749279121818236,-0.22252093395631434
21205502,240,2020-03-11 03:40:00,0.3,MISIONES  - AUT,CUNDINAMARCA,EL COLEGIO,ALTO MAGDALENA,4.544997222,-74.44055556,Precipitacion,mm,0.0,0.0,0.0,0.04285714285714286,0.11338934190276817,0.028571428571428574,0.0825420305855557,1.0,6.123233995736766e-17,0.9395699859530622,0.342356891994542,0.9749279121818236,-0.22252093395631434
44037080,240,2020-03-11 04:00:00,0.0,MORELIA  - AUT,CAQUETA,MORELIA,CAQUETÁ,1.497333333,-75.72497222,Precipitacion,mm,0.3,0.0,0.0,0.04285714285714286,0.11338934190276817,0.02857142857142857,0.0825420305855557,1.0,6.123233995736766e-17,0.9395699859530622,0.342356891994542,0.9749279121818236,-0.22252093395631434
21205660,240,2020-03-11 04:10:00,0.8,MERCEDES - AUT,CUNDINAMARCA,ANAPOIMA,ALTO MAGDALENA,4.581888889,-74.52661111,Precipitacion,mm,0.0,0.3,0.0,0.15714285714285717,0.304724700110022,0.08571428571428572,0.22138425646596693,1.0,6.123233995736766e-17,0.9395699859530622,0.342356891994542,0.9749279121818236,-0.22252093395631434
21215180,240,2020-03-11 04:10:00,0.0,BATALLON ROOKE  - AUT,TOLIMA,IBAGUÉ,ALTO MAGDALENA,4.418388889,-75.24866667,Precipitacion,mm,0.8,0.0,0.0,0.15714285714285717,0.304724700110022,0.08571428571428572,0.22138425646596693,1.0,6.123233995736766e-17,0.9395699859530622,0.342356891994542,0.9749279121818236,-0.22252093395631434
25027750,240,2020-03-11 04:20:00,0.0,SAN MARCOS - LA MOJANA TX GPRS/GOES,SUCRE,SAN MARCOS,BAJO MAGDALENA- CAUCA -SAN JORGE,8.655,-75.131,Precipitacion,mm,0.0,0.8,0.0,0.15714285714285717,0.304724700110022,0.08571428571428572,0.22138425646596693,1.0,6.123233995736766e-17,0.9395699859530622,0.342356891994542,0.9749279121818236,-0.22252093395631434
21206790,240,2020-03-11 04:20:00,0.0,HACIENDA SANTA ANA - AUT,CUNDINAMARCA,NEMOCÓN,ALTO MAGDALENA,5.0905,-73.88125,Precipitacion,mm,0.0,0.0,0.0,0.15714285714285717,0.304724700110022,0.08571428571428572,0.22138425646596693,1.0,6.123233995736766e-17,0.9395699859530622,0.342356891994542,0.9749279121818236,-0.22252093395631434
25025340,240,2020-03-11 04:20:00,0.0,SAN MARCOS - AUT,SUCRE,SAN MARCOS,BAJO MAGDALENA- CAUCA -SAN JORGE,8.596833333,-75.14269444,Precipitacion,mm,0.0,0.0,0.0,0.15714285714285717,0.304724700110022,0.07857142857142856,0.22249830225306105,1.0,6.123233995736766e-17,0.9395699859530622,0.342356891994542,0.9749279121818236,-0.22252093395631434
24027070,240,2020-03-11 04:30:00,0.0,MERIDA - AUT,SANTANDER,PÁRAMO,SOGAMOSO,6.444722222,-73.15833333,Precipitacion,mm,0.0,0.0,0.3,0.1142857142857143,0.30237157840738177,0.07857142857142856,0.22249830225306105,1.0,6.123233995736766e-17,0.9395699859530622,0.342356891994542,0.9749279121818236,-0.22252093395631434
21205710,240,2020-03-11 05:10:00,0.0,JARDIN BOTANICO  - AUT,BOGOTA,"BOGOTA, D.C",ALTO MAGDALENA,4.669333333,-74.10266667,Precipitacion,mm,0.0,0.0,0.0,0.1142857142857143,0.30237157840738177,0.07857142857142856,0.22249830225306105,1.0,6.123233995736766e-17,0.9395699859530622,0.342356891994542,0.9749279121818236,-0.22252093395631434
56015010,240,2020-03-11 05:20:00,0.0,PR CHOCO: PANAMERICANA,CHOCÓ,BAHÍA SOLANO (MUTIS),PACÍFICO - DIRECTOS,6.223,-77.404,Precipitacion,mm,0.0,0.0,0.8,0.0,0.0,0.07857142857142856,0.22249830225306105,1.0,6.123233995736766e-17,0.9395699859530622,0.342356891994542,0.9749279121818236,-0.22252093395631434
37057020,240,2020-03-11 05:20:00,0.0,ALCARAVAN  AUT,ARAUCA,ARAUQUITA,ARAUCA,7.035,-71.41638889,Precipitacion,mm,0.0,0.0,0.0,0.0,0.0,0.07857142857142856,0.22249830225306105,1.0,6.123233995736766e-17,0.9395699859530622,0.342356891994542,0.9749279121818236,-0.22252093395631434
47015100,240,2020-03-11 05:20:00,0.0,EL ENCANO - AUT,NARIÑO,PASTO,PUTUMAYO,1.159944444,-77.16147222,Precipitacion,mm,0.0,0.0,0.0,0.0,0.0,0.07857142857142856,0.22249830225306105,1.0,6.123233995736766e-17,0.9395699859530622,0.342356891994542,0.9749279121818236,-0.22252093395631434
24035360,240,2020-03-11 05:30:00,0.0,SOCHA - AUT,BOYACÁ,SOCHA,SOGAMOSO,5.985416667,-72.99702778,Precipitacion,mm,0.0,0.0,0.0,0.0,0.0,0.07857142857142856,0.22249830225306105,1.0,6.123233995736766e-17,0.9395699859530622,0.342356891994542,0.9749279121818236,-0.22252093395631434
37015030,240,2020-03-11 05:30:00,0.0,BERLIN - AUT,SANTANDER,TONA,ARAUCA,7.187,-72.8685,Precipitacion,mm,0.0,0.0,0.0,0.0,0.0,0.07857142857142856,0.22249830225306105,1.0,6.123233995736766e-17,0.9395699859530622,0.342356891994542,0.9749279121818236,-0.22252093395631434
28045501,240,2020-03-11 05:35:00,0.0,PUEBLO BELLO  - AUT,CESAR,PUEBLO BELLO,CESAR,10.42166667,-73.57471944,Precipitacion,mm,0.0,0.0,0.0,0.0,0.0,0.05714285714285714,0.2138089935299395,1.0,6.123233995736766e-17,0.9395699859530622,0.342356891994542,0.9749279121818236,-0.22252093395631434
26055120,240,2020-03-11 05:40:00,0.0,UNIVERSIDAD DEL VALLE  - AUT,VALLE DEL CAUCA,CALI,CAUCA,3.378,-76.53388889,Precipitacion,mm,0.0,0.0,0.0,0.0,0.0,0.05714285714285714,0.2138089935299395,1.0,6.123233995736766e-17,0.9395699859530622,0.342356891994542,0.9749279121818236,-0.22252093395631434
23197700,240,2020-03-11 05:50:00,0.0,MAJADAS - AUT,SANTANDER,BUCARAMANGA,MEDIO MAGDALENA,7.160277778,-73.09305556,Precipitacion,mm,0.0,0.0,0.0,0.0,0.0,0.0,0.0,1.0,6.123233995736766e-17,0.9395699859530622,0.342356891994542,0.9749279121818236,-0.22252093395631434
26015030,240,2020-03-11 05:50:00,0.0,PNN PURACE - AUT,CAUCA,PURACÉ (COCONUCO),CAUCA,2.356848889,-76.40354389,Precipitacion,mm,0.0,0.0,0.0,0.0,0.0,0.0,0.0,1.0,6.123233995736766e-17,0.9395699859530622,0.342356891994542,0.9749279121818236,-0.22252093395631434
21137030,240,2020-03-11 06:00:00,0.0,PUENTE CARRETERA  - AUT,HUILA,AIPE,ALTO MAGDALENA,3.263416667,-75.25097222,Precipitacion,mm,0.0,0.0,0.0,0.0,0.0,0.0,0.0,1.0,6.123233995736766e-17,0.9395699859530622,0.342356891994542,0.9749279121818236,-0.22252093395631434
25025030,240,2020-03-11 06:00:00,0.0,AYAPEL,CÓRDOBA,AYAPEL,BAJO MAGDALENA- CAUCA -SAN JORGE,8.295,-75.165,Precipitacion,mm,0.0,0.0,0.0,0.0,0.0,0.0,0.0,1.0,6.123233995736766e-17,0.9395699859530622,0.342356891994542,0.9749279121818236,-0.22252093395631434
35105050,240,2020-03-11 06:00:00,0.0,GUAICARAMO  - AUT,META,BARRANCA DE UPÍA,META,4.468666667,-72.95358333,Precipitacion,mm,0.0,0.0,0.0,0.0,0.0,0.0,0.0,1.0,6.123233995736766e-17,0.9395699859530622,0.342356891994542,0.9749279121818236,-0.22252093395631434
23195200,240,2020-03-11 06:00:00,0.0,CACHIRI  - AUT,SANTANDER,SURATÁ,MEDIO MAGDALENA,7.473888889,-72.99111111,Precipitacion,mm,0.0,0.0,0.0,0.0,0.0,0.0,0.0,1.0,6.123233995736766e-17,0.9395699859530622,0.342356891994542,0.9749279121818236,-0.22252093395631434
3706500109,240,2020-03-11 06:00:00,0.0,ARAUCA TERMINAL - AUT,ARAUCA,ARAUCA,ARAUCA,7.063780556,-70.733080556,Precipitacion,mm,0.0,0.0,0.0,0.0,0.0,0.0,0.0,1.0,6.123233995736766e-17,0.9395699859530622,0.342356891994542,0.9749279121818236,-0.22252093395631434
26135501,240,2020-03-11 06:15:00,0.0,EL PILAMO  - AUT,RISARALDA,PEREIRA,CAUCA,4.868333333,-75.79333333,Precipitacion,mm,0.0,0.0,0.0,0.0,0.0,0.0,0.0,1.0,6.123233995736766e-17,0.9395699859530622,0.342356891994542,0.9749279121818236,-0.22252093395631434
21237020,240,2020-03-11 06:20:00,0.0,ARRANCAPLUMAS  - AUT,CUNDINAMARCA,GUADUAS,ALTO MAGDALENA,5.202416667,-74.72761111,Precipitacion,mm,0.0,0.0,0.0,0.0,0.0,0.0,0.0,1.0,6.123233995736766e-17,0.9395699859530622,0.342356891994542,0.9749279121818236,-0.22252093395631434
26115501,240,2020-03-11 06:30:00,0.0,MANUEL MARIA MALLARINO  - AUT,VALLE DEL CAUCA,TRUJILLO,CAUCA,4.213611111,-76.31497222,Precipitacion,mm,0.0,0.0,0.0,0.0,0.0,0.0,0.0,1.0,6.123233995736766e-17,0.9395699859530622,0.342356891994542,0.9749279121818236,-0.22252093395631434
26145506,240,2020-03-11 06:35:00,0.0,FILO BONITO  - AUT,CALDAS,BELALCAZAR,CAUCA,4.986358333,-75.84574722,Precipitacion,mm,0.0,0.0,0.0,0.0,0.0,0.0,0.0,1.0,6.123233995736766e-17,0.9395699859530622,0.342356891994542,0.9749279121818236,-0.22252093395631434
26075150,240,2020-03-11 06:40:00,0.0,APTO ALFONSO BONILLA ARAGON - TX GPRS,VALLE DEL CAUCA,PALMIRA,CAUCA,3.533,-76.382,Precipitacion,mm,0.0,0.0,0.0,0.0,0.0,0.0,0.0,1.0,6.123233995736766e-17,0.9395699859530622,0.342356891994542,0.9749279121818236,-0.22252093395631434
3518700145,240,2020-03-11 07:00:00,0.0,TUA BALNEARIO - AUT,CASANARE,MONTERREY,META,4.88565,-72.900888889,Precipitacion,mm,0.0,0.0,0.0,0.0,0.0,0.0,0.0,1.0,6.123233995736766e-17,0.9395699859530622,0.342356891994542,0.9749279121818236,-0.22252093395631434
47015100,240,2020-03-11 07:10:00,0.0,EL ENCANO - AUT,NARIÑO,PASTO,PUTUMAYO,1.159944444,-77.16147222,Precipitacion,mm,0.0,0.0,0.0,0.0,0.0,0.0,0.0,1.0,6.123233995736766e-17,0.9395699859530622,0.342356891994542,0.9749279121818236,-0.22252093395631434
21205910,240,2020-03-11 07:10:00,0.0,LA COSECHA - AUT,CUNDINAMARCA,ZIPAQUIRÁ,ALTO MAGDALENA,4.989222222,-74.00119444,Precipitacion,mm,0.0,0.0,0.0,0.0,0.0,0.0,0.0,1.0,6.123233995736766e-17,0.9395699859530622,0.342356891994542,0.9749279121818236,-0.22252093395631434
29004520,240,2020-03-11 07:20:00,0.0,ESCUELA NAVAL BARRANQUILLA  - AUT,ATLANTICO,BARRANQUILLA,BAJO MAGDALENA,11.00638889,-74.785,Precipitacion,mm,0.0,0.0,0.0,0.0,0.0,0.0,0.0,1.0,6.123233995736766e-17,0.9395699859530622,0.342356891994542,0.9749279121818236,-0.22252093395631434
26125504,240,2020-03-11 07:25:00,0.0,PARAGUAICITO  - AUT,QUINDÍO,BUENAVISTA,CAUCA,4.395555556,-75.73416667,Precipitacion,mm,0.0,0.0,0.0,0.0,0.0,0.0,0.0,1.0,6.123233995736766e-17,0.9395699859530622,0.342356891994542,0.9749279121818236,-0.22252093395631434
2308500071,240,2020-03-11 07:30:00,0.0,RETIRO - AUT,ANTIOQUIA,RETIRO,MEDIO MAGDALENA,6.060275,-75.509513889,Precipitacion,mm,0.0,0.0,0.0,0.0,0.0,0.0,0.0,1.0,6.123233995736766e-17,0.9395699859530622,0.342356891994542,0.9749279121818236,-0.22252093395631434
26145505,240,2020-03-11 07:30:00,0.0,LA FLORESTA  - AUT,CALDAS,BELALCAZAR,CAUCA,4.979219444,-75.83555556,Precipitacion,mm,0.0,0.0,0.0,0.0,0.0,0.0,0.0,1.0,6.123233995736766e-17,0.9395699859530622,0.342356891994542,0.9749279121818236,-0.22252093395631434
24017600,240,2020-03-11 07:40:00,0.0,MONIQUIRA  - AUT,BOYACÁ,MONIQUIRÁ,SOGAMOSO,5.878138889,-73.57025,Precipitacion,mm,0.0,0.0,0.0,0.0,0.0,0.0,0.0,1.0,6.123233995736766e-17,0.9395699859530622,0.342356891994542,0.9749279121818236,-0.22252093395631434
29047070,240,2020-03-11 07:40:00,0.0,SAN PEDRITO - TX GPRS,ATLÁNTICO,SUAN,BAJO MAGDALENA,10.268,-74.908,Precipitacion,mm,0.0,0.0,0.0,0.0,0.0,0.0,0.0,1.0,6.123233995736766e-17,0.9395699859530622,0.342356891994542,0.9749279121818236,-0.22252093395631434
23085501,240,2020-03-11 07:50:00,0.0,COCORNA  - AUT,ANTIOQUIA,COCORNÁ,MEDIO MAGDALENA,6.061941667,-75.18666667,Precipitacion,mm,0.0,0.0,0.0,0.0,0.0,0.0,0.0,1.0,6.123233995736766e-17,0.9395699859530622,0.342356891994542,0.9749279121818236,-0.22252093395631434
2125700094,240,2020-03-11 08:20:00,0.0,RECIO 1 - AUT,TOLIMA,LÍBANO,ALTO MAGDALENA,4.873833333,-75.042583333,Precipitacion,mm,0.0,0.0,0.0,0.0,0.0,0.0,0.0,1.0,6.123233995736766e-17,0.9395699859530622,0.342356891994542,0.9749279121818236,-0.22252093395631434
33035010,240,2020-03-11 08:20:00,0.0,CARIMAGUA,META,PUERTO GAITÁN,VICHADA,4.574,-71.341,Precipitacion,mm,0.0,0.0,0.0,0.0,0.0,0.0,0.0,1.0,6.123233995736766e-17,0.9395699859530622,0.342356891994542,0.9749279121818236,-0.22252093395631434
21137030,240,2020-03-11 08:30:00,0.0,PUENTE CARRETERA  - AUT,HUILA,AIPE,ALTO MAGDALENA,3.263416667,-75.25097222,Precipitacion,mm,0.0,0.0,0.0,0.0,0.0,0.0,0.0,1.0,6.123233995736766e-17,0.9395699859530622,0.342356891994542,0.9749279121818236,-0.22252093395631434
1602500110,240,2020-03-11 08:50:00,0.0,ARBOLEDAS - AUT,NORTE DE SANTANDER,ARBOLEDAS,CATATUMBO,7.645111111,-72.799169444,Precipitacion,mm,0.0,0.0,0.0,0.0,0.0,0.0,0.0,1.0,6.123233995736766e-17,0.9395699859530622,0.342356891994542,0.9749279121818236,-0.22252093395631434
44017070,240,2020-03-11 08:50:00,0.0,SANTA ROSA  - AUT,CAUCA,SANTA ROSA,CAQUETÁ,1.705,-76.56222222,Precipitacion,mm,0.0,0.0,0.0,0.0,0.0,0.0,0.0,1.0,6.123233995736766e-17,0.9395699859530622,0.342356891994542,0.9749279121818236,-0.22252093395631434
28045501,240,2020-03-11 09:00:00,0.0,PUEBLO BELLO  - AUT,CESAR,PUEBLO BELLO,CESAR,10.42166667,-73.57471944,Precipitacion,mm,0.0,0.0,0.0,0.0,0.0,0.0,0.0,1.0,6.123233995736766e-17,0.9395699859530622,0.342356891994542,0.9749279121818236,-0.22252093395631434
2604500134,240,2020-03-11 09:00:00,0.0,TORIBIO ALERTAS   TORIBIO - AUT,CAUCA,TORIBÍO,CAUCA,2.952388889,-76.262083333,Precipitacion,mm,0.0,0.0,0.0,0.0,0.0,0.0,0.0,1.0,6.123233995736766e-17,0.9395699859530622,0.342356891994542,0.9749279121818236,-0.22252093395631434
37027010,240,2020-03-11 09:10:00,0.0,PEÑA DE LOS MICOS - AUT,NORTE DE SANTANDER,TOLEDO,ARAUCA,7.196972222,-72.42477778,Precipitacion,mm,0.0,0.0,0.0,0.0,0.0,0.0,0.0,1.0,6.123233995736766e-17,0.9395699859530622,0.342356891994542,0.9749279121818236,-0.22252093395631434
21197080,240,2020-03-11 09:20:00,0.0,BONANZA LA HACIENDA  - AUT,CUNDINAMARCA,SILVANIA,ALTO MAGDALENA,4.400027778,-74.36358333,Precipitacion,mm,0.0,0.0,0.0,0.0,0.0,0.0,0.0,1.0,6.123233995736766e-17,0.9395699859530622,0.342356891994542,0.9749279121818236,-0.22252093395631434
25025380,240,2020-03-11 09:20:00,0.0,SAN BENITO ABAD - LA MOJANA TX GPRS/GOES,SUCRE,SAN BENITO ABAD,BAJO MAGDALENA- CAUCA -SAN JORGE,9.164,-75.045,Precipitacion,mm,0.0,0.0,0.0,0.0,0.0,0.0,0.0,1.0,6.123233995736766e-17,0.9395699859530622,0.342356891994542,0.9749279121818236,-0.22252093395631434
23025502,240,2020-03-11 09:30:00,0.0,ALMACAFE LETRAS  - AUT,CALDAS,MANIZALES,MEDIO MAGDALENA,5.044997222,-75.33221944,Precipitacion,mm,0.0,0.0,0.0,0.0,0.0,0.0,0.0,1.0,6.123233995736766e-17,0.9395699859530622,0.342356891994542,0.9749279121818236,-0.22252093395631434
25025000,240,2020-03-11 09:30:00,0.0,EL DIFICIL - AUT,MAGDALENA,ARIGUANÍ (EL DIFICIL),CESAR,9.911972222,-74.08580556,Precipitacion,mm,0.0,0.0,0.0,0.0,0.0,0.0,0.0,1.0,6.123233995736766e-17,0.9395699859530622,0.342356891994542,0.9749279121818236,-0.22252093395631434
28025502,240,2020-03-11 09:30:00,0.0,APTO ALFONSO LOPEZ,CESAR,VALLEDUPAR,CESAR,10.436,-73.248,Precipitacion,mm,0.0,0.0,0.0,0.0,0.0,0.0,0.0,1.0,6.123233995736766e-17,0.9395699859530622,0.342356891994542,0.9749279121818236,-0.22252093395631434
37057020,240,2020-03-11 09:30:00,0.0,ALCARAVAN  AUT,ARAUCA,ARAUQUITA,ARAUCA,7.035,-71.41638889,Precipitacion,mm,0.0,0.0,0.0,0.0,0.0,0.0,0.0,1.0,6.123233995736766e-17,0.9395699859530622,0.342356891994542,0.9749279121818236,-0.22252093395631434
23065502,240,2020-03-11 09:30:00,0.0,LA PALMA  - AUT,CUNDINAMARCA,LA PALMA,MEDIO MAGDALENA,5.330266667,-74.40156111,Precipitacion,mm,0.0,0.0,0.0,0.0,0.0,0.0,0.0,1.0,6.123233995736766e-17,0.9395699859530622,0.342356891994542,0.9749279121818236,-0.22252093395631434
21057050,240,2020-03-11 09:40:00,0.0,VEGA EL SALADO  - AUT,HUILA,LA PLATA,ALTO MAGDALENA,2.331444444,-75.94216667,Precipitacion,mm,0.0,0.0,0.0,0.0,0.0,0.0,0.0,1.0,6.123233995736766e-17,0.9395699859530622,0.342356891994542,0.9749279121818236,-0.22252093395631434
29035080,240,2020-03-11 09:40:00,0.0,NORMAL MANATI  - AUT,ATLANTICO,MANATÍ,BAJO MAGDALENA,10.45358333,-74.95463889,Precipitacion,mm,0.0,0.0,0.0,0.0,0.0,0.0,0.0,1.0,6.123233995736766e-17,0.9395699859530622,0.342356891994542,0.9749279121818236,-0.22252093395631434
21015040,240,2020-03-11 09:50:00,0.0,LA PRIMAVERA - AUT,HUILA,SALADOBLANCO,ALTO MAGDALENA,2.021583333,-76.11433333,Precipitacion,mm,0.0,0.0,0.0,0.0,0.0,0.0,0.0,1.0,6.123233995736766e-17,0.9395699859530622,0.342356891994542,0.9749279121818236,-0.22252093395631434
21015060,240,2020-03-11 09:50:00,0.0,MARENGO  - AUT,HUILA,PITALITO,ALTO MAGDALENA,2.221111111,-76.11888889,Precipitacion,mm,0.0,0.0,0.0,0.0,0.0,0.0,0.0,1.0,6.123233995736766e-17,0.9395699859530622,0.342356891994542,0.9749279121818236,-0.22252093395631434
2633700150,240,2020-03-11 10:10:00,0.0,GUAYABAL - AUT,VALLE DEL CAUCA,BUGA,CAUCA,3.894569444,-76.347022222,Precipitacion,mm,0.0,0.0,0.0,0.0,0.0,0.0,0.0,1.0,6.123233995736766e-17,0.9395699859530622,0.342356891994542,0.9749279121818236,-0.22252093395631434
15015060,240,2020-03-11 10:10:00,0.0,SAN LORENZO  - AUT,MAGDALENA,SANTA MARTA,CARIBE - GUAJIRA,11.11108333,-74.05469444,Precipitacion,mm,0.0,0.0,0.0,0.0,0.0,0.0,0.0,1.0,6.123233995736766e-17,0.9395699859530622,0.342356891994542,0.9749279121818236,-0.22252093395631434
26187040,240,2020-03-11 10:20:00,0.0,QUITASUENO  - AUT,CALDAS,AGUADAS,CAUCA,5.721138889,-75.55258333,Precipitacion,mm,0.0,0.0,0.0,0.0,0.0,0.0,0.0,1.0,6.123233995736766e-17,0.9395699859530622,0.342356891994542,0.9749279121818236,-0.22252093395631434
56015010,240,2020-03-11 10:20:00,0.0,PR CHOCO: PANAMERICANA,CHOCÓ,BAHÍA SOLANO (MUTIS),PACÍFICO - DIRECTOS,6.223,-77.404,Precipitacion,mm,0.0,0.0,0.0,0.0,0.0,0.0,0.0,1.0,6.123233995736766e-17,0.9395699859530622,0.342356891994542,0.9749279121818236,-0.22252093395631434
11057020,240,2020-03-11 10:30:00,0.0,SAN ANTONIO PADUA  - AUT,ANTIOQUIA,VIGIA DEL FUERTE,ATRATO - DARIÉN,6.286666667,-76.76180556,Precipitacion,mm,0.0,0.0,0.0,0.0,0.0,0.0,0.0,1.0,6.123233995736766e-17,0.9395699859530622,0.342356891994542,0.9749279121818236,-0.22252093395631434
26085501,240,2020-03-11 10:40:00,0.0,LA CELIA  - AUT,RISARALDA,LA CELIA,CAUCA,5.001330556,-75.998,Precipitacion,mm,0.0,0.0,0.0,0.0,0.0,0.0,0.0,1.0,6.123233995736766e-17,0.9395699859530622,0.342356891994542,0.9749279121818236,-0.22252093395631434
25017030,240,2020-03-11 10:40:00,0.0,PICA PICA  - AUT,CORDOBA,MONTELÍBANO,BAJO MAGDALENA- CAUCA -SAN JORGE,8.030277778,-75.68027778,Precipitacion,mm,0.0,0.0,0.0,0.0,0.0,0.0,0.0,1.0,6.123233995736766e-17,0.9395699859530622,0.342356891994542,0.9749279121818236,-0.22252093395631434
21055501,240,2020-03-11 11:00:00,0.0,SIMON CAMPOS  - AUT,HUILA,LA PLATA,ALTO MAGDALENA,2.345830556,-75.87805556,Precipitacion,mm,0.0,0.0,0.0,0.0,0.0,0.0,0.0,1.0,6.123233995736766e-17,0.9395699859530622,0.342356891994542,0.9749279121818236,-0.22252093395631434
26237040,240,2020-03-11 11:00:00,0.0,PTO VALDIVIA,ANTIOQUIA,VALDIVIA,CAUCA,7.287,-75.396,Precipitacion,mm,0.0,0.0,0.0,0.0,0.0,0.0,0.0,1.0,6.123233995736766e-17,0.9395699859530622,0.342356891994542,0.9749279121818236,-0.22252093395631434
25020440,240,2020-03-11 11:20:00,0.0,SAN PEDRO - LA MOJANA TX GPRS/GOES,SUCRE,SAN PEDRO,BAJO MAGDALENA- CAUCA -SAN JORGE,9.402,-75.016,Precipitacion,mm,0.0,0.0,0.0,0.0,0.0,0.0,0.0,1.0,6.123233995736766e-17,0.9395699859530622,0.342356891994542,0.9749279121818236,-0.22252093395631434
26135330,240,2020-03-11 11:30:00,0.0,LA LAGUNA DEL OTUN  - AUT,RISARALDA,PEREIRA,CAUCA,4.776361111,-75.4125,Precipitacion,mm,0.0,0.0,0.0,0.0,0.0,0.0,0.0,1.0,6.123233995736766e-17,0.9395699859530622,0.342356891994542,0.9749279121818236,-0.22252093395631434
26125300,240,2020-03-11 11:30:00,0.0,CALARCA - AUT,QUINDÍO,CALARCÁ,CAUCA,4.528305556,-75.59638889,Precipitacion,mm,0.0,0.0,0.0,0.0,0.0,0.0,0.0,1.0,6.123233995736766e-17,0.9395699859530622,0.342356891994542,0.9749279121818236,-0.22252093395631434
52057050,240,2020-03-11 11:40:00,0.0,SAN PEDRO  - AUT,NARIÑO,LINARES,PATÍA,1.383,-77.48227778,Precipitacion,mm,0.0,0.0,0.0,0.0,0.0,0.0,0.0,1.0,6.123233995736766e-17,0.9395699859530622,0.342356891994542,0.9749279121818236,-0.22252093395631434
23195240,240,2020-03-11 11:50:00,0.0,AGUACHICA - AUT,CESAR,AGUACHICA,MEDIO MAGDALENA,8.123416667,-73.57986111,Precipitacion,mm,0.0,0.0,0.0,0.0,0.0,0.0,0.0,1.0,6.123233995736766e-17,0.9395699859530622,0.342356891994542,0.9749279121818236,-0.22252093395631434
26247010,240,2020-03-11 12:00:00,0.0,PALMIRA HACIENDA  - AUT,ANTIOQUIA,CÁCERES,CAUCA,7.796777778,-75.37252778,Precipitacion,mm,0.0,0.0,0.0,0.0,0.0,0.0,0.0,1.0,6.123233995736766e-17,0.9395699859530622,0.342356891994542,0.9749279121818236,-0.22252093395631434
3519700092,240,2020-03-11 12:10:00,0.0,MANI - AUT,CASANARE,MANI,META,4.816419444,-72.30865,Precipitacion,mm,0.0,0.0,0.0,0.0,0.0,0.0,0.0,1.0,6.123233995736766e-17,0.9395699859530622,0.342356891994542,0.9749279121818236,-0.22252093395631434
2120700146,240,2020-03-11 12:10:00,0.0,UNIVERSIDAD DE LA SABANA - AUT,CUNDINAMARCA,CHÍA,ALTO MAGDALENA,4.85475,-74.04,Precipitacion,mm,0.0,0.0,0.0,0.0,0.0,0.0,0.0,1.0,6.123233995736766e-17,0.9395699859530622,0.342356891994542,0.9749279121818236,-0.22252093395631434
16015502,240,2020-03-11 12:10:00,0.0,BLONAY  - AUT,NORTE DE SANTANDER,CHINÁCOTA,CATATUMBO,7.564997222,-72.62110833,Precipitacion,mm,0.0,0.0,0.0,0.0,0.0,0.0,0.0,1.0,6.123233995736766e-17,0.9395699859530622,0.342356891994542,0.9749279121818236,-0.22252093395631434
23065501,240,2020-03-11 12:10:00,0.0,PACHO  - AUT,CUNDINAMARCA,PACHO,MEDIO MAGDALENA,5.129127778,-74.15769722,Precipitacion,mm,0.0,0.0,0.0,0.0,0.0,0.0,0.0,1.0,6.123233995736766e-17,0.9395699859530622,0.342356891994542,0.9749279121818236,-0.22252093395631434
26145503,240,2020-03-11 12:20:00,0.0,ANSERMA  - AUT,CALDAS,ANSERMA,CAUCA,5.231330556,-75.77961667,Precipitacion,mm,0.0,0.0,0.0,0.0,0.0,0.0,0.0,1.0,6.123233995736766e-17,0.9395699859530622,0.342356891994542,0.9749279121818236,-0.22252093395631434
15035020,240,2020-03-11 12:30:00,0.0,TERMOGUAJIRA  - AUT,LA GUAJIRA,DIBULLA,CARIBE - GUAJIRA,11.2525,-73.41138889,Precipitacion,mm,0.0,0.0,0.0,0.0,0.0,0.0,0.0,1.0,6.123233995736766e-17,0.9395699859530622,0.342356891994542,0.9749279121818236,-0.22252093395631434
21165502,240,2020-03-11 12:35:00,0.0,VILLARICA  - AUT,TOLIMA,VILLARRICA,ALTO MAGDALENA,3.955641667,-74.59178611,Precipitacion,mm,0.0,0.0,0.0,0.0,0.0,0.0,0.0,1.0,6.123233995736766e-17,0.9395699859530622,0.342356891994542,0.9749279121818236,-0.22252093395631434
35215030,240,2020-03-11 12:50:00,0.0,PERENCO: PISBA,BOYACÁ,PISVA,META,5.721,-72.488,Precipitacion,mm,0.0,0.0,0.0,0.0,0.0,0.0,0.0,1.0,6.123233995736766e-17,0.9395699859530622,0.342356891994542,0.9749279121818236,-0.22252093395631434
1602500110,240,2020-03-11 13:00:00,0.0,ARBOLEDAS - AUT,NORTE DE SANTANDER,ARBOLEDAS,CATATUMBO,7.645111111,-72.799169444,Precipitacion,mm,0.0,0.0,0.0,0.0,0.0,0.0,0.0,1.0,6.123233995736766e-17,0.9395699859530622,0.342356891994542,0.9749279121818236,-0.22252093395631434
11080010,240,2020-03-11 13:10:00,0.0,PR CHOCO: BELLAVISTA,CHOCÓ,BOJAYÁ (BELLAVISTA),ATRATO - DARIÉN,6.559,-76.885,Precipitacion,mm,0.0,0.0,0.0,0.0,0.0,0.0,0.0,1.0,6.123233995736766e-17,0.9395699859530622,0.342356891994542,0.9749279121818236,-0.22252093395631434
26155220,240,2020-03-11 13:10:00,0.0,VILLAMARIA - AUT,CALDAS,VILLAMARIA,CAUCA,5.048666667,-75.51388889,Precipitacion,mm,0.0,0.0,0.0,0.0,0.0,0.0,0.0,1.0,6.123233995736766e-17,0.9395699859530622,0.342356891994542,0.9749279121818236,-0.22252093395631434
26175501,240,2020-03-11 13:15:00,0.0,RAFAEL ESCOBAR  - AUT,CALDAS,SUPIA,CAUCA,5.45,-75.63305556,Precipitacion,mm,0.0,0.0,0.0,0.0,0.0,0.0,0.0,1.0,6.123233995736766e-17,0.9395699859530622,0.342356891994542,0.9749279121818236,-0.22252093395631434
1602500110,240,2020-03-11 13:20:00,0.0,ARBOLEDAS - AUT,NORTE DE SANTANDER,ARBOLEDAS,CATATUMBO,7.645111111,-72.799169444,Precipitacion,mm,0.0,0.0,0.0,0.0,0.0,0.0,0.0,1.0,6.123233995736766e-17,0.9395699859530622,0.342356891994542,0.9749279121818236,-0.22252093395631434
26125710,240,2020-03-11 13:30:00,0.0,APTO MATECAÑA TX GPS/GOES,RISARALDA,PEREIRA,CAUCA,4.813,-75.74,Precipitacion,mm,0.0,0.0,0.0,0.0,0.0,0.0,0.0,1.0,6.123233995736766e-17,0.9395699859530622,0.342356891994542,0.9749279121818236,-0.22252093395631434
21115170,240,2020-03-11 13:30:00,0.0,LA PLATA - AUT,HUILA,NEIVA,ALTO MAGDALENA,2.759138889,-75.07455556,Precipitacion,mm,0.0,0.0,0.0,0.0,0.0,0.0,0.0,1.0,6.123233995736766e-17,0.9395699859530622,0.342356891994542,0.9749279121818236,-0.22252093395631434
23125501,240,2020-03-11 13:35:00,0.0,PAUNA  - AUT,BOYACÁ,PAUNA,MEDIO MAGDALENA,5.657130556,-73.96032778,Precipitacion,mm,0.0,0.0,0.0,0.0,0.0,0.0,0.0,1.0,6.123233995736766e-17,0.9395699859530622,0.342356891994542,0.9749279121818236,-0.22252093395631434
1206500136,240,2020-03-11 13:40:00,0.0,UNIVERSIDAD UNAD CARTAGENA - AUT,BOLIVAR,CARTAGENA DE INDIAS,CARIBE - LITORAL,10.400311111,-75.513280556,Precipitacion,mm,0.0,0.0,0.0,0.0,0.0,0.0,0.0,1.0,6.123233995736766e-17,0.9395699859530622,0.342356891994542,0.9749279121818236,-0.22252093395631434
23195502,240,2020-03-11 13:40:00,0.0,APTO PALONEGRO,SANTANDER,LEBRIJA,MEDIO MAGDALENA,7.121,-73.185,Precipitacion,mm,0.0,0.0,0.0,0.0,0.0,0.0,0.0,1.0,6.123233995736766e-17,0.9395699859530622,0.342356891994542,0.9749279121818236,-0.22252093395631434
21195501,240,2020-03-11 13:45:00,0.0,GRANJA TIBACUY  - AUT,CUNDINAMARCA,TIBACUY,ALTO MAGDALENA,4.363052778,-74.43527778,Precipitacion,mm,0.0,0.0,0.0,0.0,0.0,0.0,0.0,1.0,6.123233995736766e-17,0.9395699859530622,0.342356891994542,0.9749279121818236,-0.22252093395631434
23065502,240,2020-03-11 13:50:00,0.0,LA PALMA  - AUT,CUNDINAMARCA,LA PALMA,MEDIO MAGDALENA,5.330266667,-74.40156111,Precipitacion,mm,0.0,0.0,0.0,0.0,0.0,0.0,0.0,1.0,6.123233995736766e-17,0.9395699859530622,0.342356891994542,0.9749279121818236,-0.22252093395631434
14019030,240,2020-03-11 14:20:00,0.0,CC DIQUE: CIOH,BOLÍVAR,CARTAGENA DE INDIAS,CARIBE - LITORAL,10.391,-75.534,Precipitacion,mm,0.0,0.0,0.0,0.0,0.0,0.0,0.0,1.0,6.123233995736766e-17,0.9395699859530622,0.342356891994542,0.9749279121818236,-0.22252093395631434
35215020,240,2020-03-11 14:20:00,0.0,APTO YOPAL,CASANARE,YOPAL,META,5.32,-72.388,Precipitacion,mm,0.0,0.0,0.0,0.0,0.0,0.0,0.0,1.0,6.123233995736766e-17,0.9395699859530622,0.342356891994542,0.9749279121818236,-0.22252093395631434
21055070,240,2020-03-11 14:30:00,0.0,INZA - AUT,CAUCA,INZÁ,ALTO MAGDALENA,2.548194444,-76.06394444,Precipitacion,mm,0.0,0.0,0.0,0.0,0.0,0.0,0.0,1.0,6.123233995736766e-17,0.9395699859530622,0.342356891994542,0.9749279121818236,-0.22252093395631434
26075501,240,2020-03-11 14:30:00,0.0,FLORIDA  - AUT,VALLE DEL CAUCA,FLORIDA,CAUCA,3.291469444,-76.17735833,Precipitacion,mm,0.0,0.0,0.0,0.0,0.0,0.0,0.0,1.0,6.123233995736766e-17,0.9395699859530622,0.342356891994542,0.9749279121818236,-0.22252093395631434
2403500084,240,2020-03-11 14:30:00,0.0,MONGUA - AUT,BOYACÁ,MONGUA,SOGAMOSO,5.758019444,-72.79485,Precipitacion,mm,0.0,0.0,0.0,0.0,0.0,0.0,0.0,1.0,6.123233995736766e-17,0.9395699859530622,0.342356891994542,0.9749279121818236,-0.22252093395631434
2603500127,240,2020-03-11 14:30:00,0.0,REMOLINO ALERTAS - EL VOLCAN - AUT,CAUCA,EL TAMBO,CAUCA,2.542913889,-76.852061111,Precipitacion,mm,0.0,0.0,0.0,0.0,0.0,0.0,0.0,1.0,6.123233995736766e-17,0.9395699859530622,0.342356891994542,0.9749279121818236,-0.22252093395631434
22077050,240,2020-03-11 14:40:00,0.0,PIJAITO  - AUT,TOLIMA,ROVIRA,SALDAÑA,4.150388889,-75.306,Precipitacion,mm,0.0,0.0,0.0,0.0,0.0,0.0,0.0,1.0,6.123233995736766e-17,0.9395699859530622,0.342356891994542,0.9749279121818236,-0.22252093395631434
29067150,240,2020-03-11 14:40:00,0.0,GANADERIA CARIBE  - AUT,MAGDALENA,ARACATACA,BAJO MAGDALENA,10.57491667,-74.12666667,Precipitacion,mm,0.0,0.0,0.0,0.0,0.0,0.0,0.0,1.0,6.123233995736766e-17,0.9395699859530622,0.342356891994542,0.9749279121818236,-0.22252093395631434
35035110,240,2020-03-11 14:40:00,0.0,SALINAS DE UPIN  - AUT,META,RESTREPO,META,4.273861111,-73.58686111,Precipitacion,mm,0.0,0.0,0.0,0.0,0.0,0.0,0.0,1.0,6.123233995736766e-17,0.9395699859530622,0.342356891994542,0.9749279121818236,-0.22252093395631434
21160260,240,2020-03-11 14:50:00,0.0,PUERTO LLERAS TOLIMA  - AUT,TOLIMA,VILLARRICA,ALTO MAGDALENA,3.839777778,-74.68830556,Precipitacion,mm,0.0,0.0,0.0,0.0,0.0,0.0,0.0,1.0,6.123233995736766e-17,0.9395699859530622,0.342356891994542,0.9749279121818236,-0.22252093395631434
21205502,240,2020-03-11 15:00:00,0.0,MISIONES  - AUT,CUNDINAMARCA,EL COLEGIO,ALTO MAGDALENA,4.544997222,-74.44055556,Precipitacion,mm,0.0,0.0,0.0,0.0,0.0,0.0,0.0,1.0,6.123233995736766e-17,0.9395699859530622,0.342356891994542,0.9749279121818236,-0.22252093395631434
54077210,240,2020-03-11 15:00:00,0.0,JUANCHACO - AUT,VALLE DEL CAUCA,BUENAVENTURA,SAN JUÁN,3.925147222,-77.34900556,Precipitacion,mm,0.0,0.0,0.0,0.0,0.0,0.0,0.0,1.0,6.123233995736766e-17,0.9395699859530622,0.342356891994542,0.9749279121818236,-0.22252093395631434
26145505,240,2020-03-11 15:00:00,0.0,LA FLORESTA  - AUT,CALDAS,BELALCAZAR,CAUCA,4.979219444,-75.83555556,Precipitacion,mm,0.0,0.0,0.0,0.0,0.0,0.0,0.0,1.0,6.123233995736766e-17,0.9395699859530622,0.342356891994542,0.9749279121818236,-0.22252093395631434
26167070,240,2020-03-11 15:20:00,0.0,IRRA  - AUT,CALDAS,NEIRA,CAUCA,5.268305556,-75.66419444,Precipitacion,mm,0.0,0.0,0.0,0.0,0.0,0.0,0.0,1.0,6.123233995736766e-17,0.9395699859530622,0.342356891994542,0.9749279121818236,-0.22252093395631434
24030680,240,2020-03-11 15:20:00,0.0,EL PARAMO - AUT,SANTANDER,CARCASÍ,SOGAMOSO,6.653333333,-72.59083333,Precipitacion,mm,0.0,0.0,0.0,0.0,0.0,0.0,0.0,1.0,6.123233995736766e-17,0.9395699859530622,0.342356891994542,0.9749279121818236,-0.22252093395631434
21097070,240,2020-03-11 15:20:00,0.0,PTE SANTANDER - TX GPRS,HUILA,NEIVA,ALTO MAGDALENA,2.943,-75.309,Precipitacion,mm,0.0,0.0,0.0,0.0,0.0,0.0,0.0,1.0,6.123233995736766e-17,0.9395699859530622,0.342356891994542,0.9749279121818236,-0.22252093395631434
54057010,240,2020-03-11 15:40:00,0.0,NOANAMA ASERRIO,CHOCO,MEDIO SAN JUAN,SAN JUÁN,4.673,-76.933,Precipitacion,mm,0.0,0.0,0.0,0.0,0.0,0.0,0.0,1.0,6.123233995736766e-17,0.9395699859530622,0.342356891994542,0.9749279121818236,-0.22252093395631434
44017070,240,2020-03-11 15:40:00,0.0,SANTA ROSA  - AUT,CAUCA,SANTA ROSA,CAQUETÁ,1.705,-76.56222222,Precipitacion,mm,0.0,0.0,0.0,0.0,0.0,0.0,0.0,1.0,6.123233995736766e-17,0.9395699859530622,0.342356891994542,0.9749279121818236,-0.22252093395631434
2805500075,240,2020-03-11 15:50:00,0.0,CURUMANÍ - AUT,CESAR,CURUMANÍ,CESAR,9.238138889,-73.512916667,Precipitacion,mm,0.0,0.0,0.0,0.0,0.0,0.0,0.0,1.0,6.123233995736766e-17,0.9395699859530622,0.342356891994542,0.9749279121818236,-0.22252093395631434
26155150,240,2020-03-11 15:50:00,0.0,LAS BRISAS - AUT,CALDAS,VILLAMARIA,MEDIO MAGDALENA,4.934527778,-75.35038889,Precipitacion,mm,0.0,0.0,0.0,0.0,0.0,0.0,0.0,1.0,6.123233995736766e-17,0.9395699859530622,0.342356891994542,0.9749279121818236,-0.22252093395631434
25025350,240,2020-03-11 16:00:00,0.0,PUERTA ROJA - AUT,SUCRE,SINCELEJO,BAJO MAGDALENA- CAUCA -SAN JORGE,9.316388889,-75.3875,Precipitacion,mm,0.0,0.0,0.0,0.0,0.0,0.0,0.0,1.0,6.123233995736766e-17,0.9395699859530622,0.342356891994542,0.9749279121818236,-0.22252093395631434
21137050,240,2020-03-11 16:10:00,0.0,RIO ANGOSTURA  - AUT,TOLIMA,NATAGAIMA,ALTO MAGDALENA,3.443194444,-75.11880556,Precipitacion,mm,0.0,0.0,0.0,0.0,0.0,0.0,0.0,1.0,6.123233995736766e-17,0.9395699859530622,0.342356891994542,0.9749279121818236,-0.22252093395631434
35235040,240,2020-03-11 16:20:00,0.0,PERENCO - TRINIDAD METEO,CASANARE,TRINIDAD,<nil>,5.419,-71.666,Precipitacion,mm,0.0,0.0,0.0,0.0,0.0,0.0,0.0,1.0,6.123233995736766e-17,0.9395699859530622,0.342356891994542,0.9749279121818236,-0.22252093395631434
44017120,240,2020-03-11 16:20:00,0.0,PIEDRA LISA II  - AUT,PUTUMAYO,MOCOA,CAQUETÁ,1.213611111,-76.66102778,Precipitacion,mm,0.0,0.0,0.0,0.0,0.0,0.0,0.0,1.0,6.123233995736766e-17,0.9395699859530622,0.342356891994542,0.9749279121818236,-0.22252093395631434
35217060,240,2020-03-11 16:30:00,0.0,PERENCO: EL PLAYON,CASANARE,NUNCHÍA,META,5.54,-72.232,Precipitacion,mm,0.0,0.0,0.0,0.0,0.0,0.0,0.0,1.0,6.123233995736766e-17,0.9395699859530622,0.342356891994542,0.9749279121818236,-0.22252093395631434
16025503,240,2020-03-11 16:40:00,0.4,GRAMALOTE  - AUT,NORTE DE SANTANDER,GRAMALOTE,CATATUMBO,7.923163889,-72.83375556,Precipitacion,mm,0.0,0.0,0.0,0.05714285714285715,0.15118578920369088,0.028571428571428564,0.10690449676496976,1.0,6.123233995736766e-17,0.9395699859530622,0.342356891994542,0.9749279121818236,-0.22252093395631434
53115501,240,2020-03-11 16:40:00,0.0,DAGUA  - AUT,VALLE DEL CAUCA,DAGUA,TAPAJE - DAGUA - DIRECTOS,3.610441667,-76.63785833,Precipitacion,mm,0.4,0.0,0.0,0.05714285714285715,0.15118578920369088,0.028571428571428564,0.10690449676496976,1.0,6.123233995736766e-17,0.9395699859530622,0.342356891994542,0.9749279121818236,-0.22252093395631434
26195502,240,2020-03-11 17:00:00,0.0,CIUDAD BOLIVAR  - AUT,ANTIOQUIA,CIUDAD BOLÍVAR,CAUCA,5.868666667,-75.99044167,Precipitacion,mm,0.0,0.4,0.0,0.05714285714285715,0.15118578920369088,0.028571428571428564,0.10690449676496976,1.0,6.123233995736766e-17,0.9395699859530622,0.342356891994542,0.9749279121818236,-0.22252093395631434
26155170,240,2020-03-11 17:00:00,0.0,TESORITO FINCA  - AUT,CALDAS,MANIZALES,CAUCA,5.032222222,-75.43833333,Precipitacion,mm,0.0,0.0,0.0,0.05714285714285715,0.15118578920369088,0.028571428571428564,0.10690449676496976,1.0,6.123233995736766e-17,0.9395699859530622,0.342356891994542,0.9749279121818236,-0.22252093395631434
26185501,240,2020-03-11 17:10:00,0.0,SONSON  - AUT,ANTIOQUIA,SONSÓN,CAUCA,5.677719444,-75.34780556,Precipitacion,mm,0.0,0.0,0.0,0.05714285714285715,0.15118578920369088,0.028571428571428564,0.10690449676496976,1.0,6.123233995736766e-17,0.9395699859530622,0.342356891994542,0.9749279121818236,-0.22252093395631434
24035370,240,2020-03-11 17:10:00,0.0,EL ESPINO - AUT,BOYACÁ,EL ESPINO,SOGAMOSO,6.506722222,-72.45266667,Precipitacion,mm,0.0,0.0,0.0,0.05714285714285715,0.15118578920369088,0.028571428571428564,0.10690449676496976,1.0,6.123233995736766e-17,0.9395699859530622,0.342356891994542,0.9749279121818236,-0.22252093395631434
22057060,240,2020-03-11 17:10:00,0.0,LA MURALLA - AUT,TOLIMA,ATACO,SALDAÑA,3.481361111,-75.46697222,Precipitacion,mm,0.0,0.0,0.0,0.05714285714285715,0.15118578920369088,0.028571428571428564,0.10690449676496976,1.0,6.123233995736766e-17,0.9395699859530622,0.342356891994542,0.9749279121818236,-0.22252093395631434
52055210,240,2020-03-11 17:30:00,0.0,BOTANA - AUT,NARIÑO,PASTO,PATÍA,1.16,-77.27880556,Precipitacion,mm,0.0,0.0,0.4,0.0,0.0,0.028571428571428564,0.10690449676496976,1.0,6.123233995736766e-17,0.9395699859530622,0.342356891994542,0.9749279121818236,-0.22252093395631434
15035020,240,2020-03-11 17:40:00,0.0,TERMOGUAJIRA  - AUT,LA GUAJIRA,DIBULLA,CARIBE - GUAJIRA,11.2525,-73.41138889,Precipitacion,mm,0.0,0.0,0.0,0.0,0.0,0.028571428571428564,0.10690449676496976,1.0,6.123233995736766e-17,0.9395699859530622,0.342356891994542,0.9749279121818236,-0.22252093395631434
35217030,240,2020-03-11 17:40:00,0.0,PUENTE LA CABANA,CASANARE,YOPAL,META,5.438,-72.455,Precipitacion,mm,0.0,0.0,0.0,0.0,0.0,0.028571428571428564,0.10690449676496976,1.0,6.123233995736766e-17,0.9395699859530622,0.342356891994542,0.9749279121818236,-0.22252093395631434
52025090,240,2020-03-11 17:40:00,0.0,LA SIERRA - AUT,CAUCA,LA SIERRA,PATÍA,2.193833333,-76.75033333,Precipitacion,mm,0.0,0.0,0.0,0.0,0.0,0.028571428571428564,0.10690449676496976,1.0,6.123233995736766e-17,0.9395699859530622,0.342356891994542,0.9749279121818236,-0.22252093395631434
16027060,240,2020-03-11 17:50:00,0.0,PUERTO LEON - AUT,NORTE DE SANTANDER,PUERTO SANTANDER,CATATUMBO,8.350277778,-72.43472222,Precipitacion,mm,0.0,0.0,0.0,0.0,0.0,0.028571428571428564,0.10690449676496976,1.0,6.123233995736766e-17,0.9395699859530622,0.342356891994542,0.9749279121818236,-0.22252093395631434
21165502,240,2020-03-11 17:50:00,0.0,VILLARICA  - AUT,TOLIMA,VILLARRICA,ALTO MAGDALENA,3.955641667,-74.59178611,Precipitacion,mm,0.0,0.0,0.0,0.0,0.0,0.028571428571428564,0.10690449676496976,1.0,6.123233995736766e-17,0.9395699859530622,0.342356891994542,0.9749279121818236,-0.22252093395631434
21015502,240,2020-03-11 18:35:00,0.0,SAN AGUSTIN  - AUT,HUILA,SAN AGUSTÍN,ALTO MAGDALENA,1.851416667,-76.30433056,Precipitacion,mm,0.0,0.0,0.0,0.0,0.0,0.028571428571428564,0.10690449676496976,1.0,6.123233995736766e-17,0.9395699859530622,0.342356891994542,0.9749279121818236,-0.22252093395631434
26207080,240,2020-03-11 19:00:00,0.0,BOLOMBOLO - AUT,ANTIOQUIA,VENECIA,CAUCA,5.965944444,-75.84147222,Precipitacion,mm,0.0,0.0,0.0,0.0,0.0,0.0,0.0,1.0,6.123233995736766e-17,0.9395699859530622,0.342356891994542,0.9749279121818236,-0.22252093395631434
47017110,240,2020-03-11 19:20:00,0.0,MONOPAMBA  - AUT,NARIÑO,PUERRES,PUTUMAYO,0.807777778,-77.30694444,Precipitacion,mm,0.0,0.0,0.0,0.0,0.0,0.0,0.0,1.0,6.123233995736766e-17,0.9395699859530622,0.342356891994542,0.9749279121818236,-0.22252093395631434
22045502,240,2020-03-11 19:25:00,0.0,EL RUBY  - AUT,TOLIMA,PLANADAS,SALDAÑA,3.95,-75.66666667,Precipitacion,mm,0.0,0.0,0.0,0.0,0.0,0.0,0.0,1.0,6.123233995736766e-17,0.9395699859530622,0.342356891994542,0.9749279121818236,-0.22252093395631434
21209920,240,2020-03-11 19:30:00,0.0,SANTA ROSITA - AUT,CUNDINAMARCA,SUESCA,ALTO MAGDALENA,5.19225,-73.77905556,Precipitacion,mm,0.0,0.0,0.0,0.0,0.0,0.0,0.0,1.0,6.123233995736766e-17,0.9395699859530622,0.342356891994542,0.9749279121818236,-0.22252093395631434
52055170,240,2020-03-11 19:40:00,0.0,LA JOSEFINA - AUT,NARIÑO,CONTADERO,PATÍA,0.930305556,-77.49119444,Precipitacion,mm,0.0,0.0,0.0,0.0,0.0,0.0,0.0,1.0,6.123233995736766e-17,0.9395699859530622,0.342356891994542,0.9749279121818236,-0.22252093395631434
24035390,240,2020-03-11 19:40:00,0.0,PARAMO ALMORZADERO  - AUT,SANTANDER,CERRITO,SOGAMOSO,6.945388889,-72.69633333,Precipitacion,mm,0.0,0.0,0.0,0.0,0.0,0.0,0.0,1.0,6.123233995736766e-17,0.9395699859530622,0.342356891994542,0.9749279121818236,-0.22252093395631434
35057010,240,2020-03-11 20:10:00,0.0,EL CABLE,CUNDINAMARCA,PARATEBUENO,META,4.396222222,-73.29252778,Precipitacion,mm,0.0,0.0,0.0,0.0,0.0,0.0,0.0,1.0,6.123233995736766e-17,0.9395699859530622,0.342356891994542,0.9749279121818236,-0.22252093395631434
21057050,240,2020-03-11 20:20:00,0.0,VEGA EL SALADO  - AUT,HUILA,LA PLATA,ALTO MAGDALENA,2.331444444,-75.94216667,Precipitacion,mm,0.0,0.0,0.0,0.0,0.0,0.0,0.0,1.0,6.123233995736766e-17,0.9395699859530622,0.342356891994542,0.9749279121818236,-0.22252093395631434
26125508,240,2020-03-11 20:20:00,0.0,LACATALINA  - AUT,RISARALDA,PEREIRA,CAUCA,4.7475,-75.73805556,Precipitacion,mm,0.0,0.0,0.0,0.0,0.0,0.0,0.0,1.0,6.123233995736766e-17,0.9395699859530622,0.342356891994542,0.9749279121818236,-0.22252093395631434
21255501,240,2020-03-11 20:45:00,0.0,LA TRINIDAD  - AUT,TOLIMA,LÍBANO,ALTO MAGDALENA,4.895,-75.04,Precipitacion,mm,0.0,0.0,0.0,0.0,0.0,0.0,0.0,1.0,6.123233995736766e-17,0.9395699859530622,0.342356891994542,0.9749279121818236,-0.22252093395631434
46035010,240,2020-03-11 21:00:00,0.0,MAGUARE - AUT,CAQUETA,EL DONCELLO,CAGUÁN,1.640222222,-75.16266667,Precipitacion,mm,0.0,0.0,0.0,0.0,0.0,0.0,0.0,1.0,6.123233995736766e-17,0.9395699859530622,0.342356891994542,0.9749279121818236,-0.22252093395631434
16015130,240,2020-03-11 21:00:00,0.1,ALCALDIA DE HERRAN  - AUT,NORTE DE SANTANDER,HERRÁN,CATATUMBO,7.506722222,-72.48536111,Precipitacion,mm,0.0,0.0,0.0,0.014285714285714287,0.03779644730092272,0.007142857142857136,0.02672612419124244,1.0,6.123233995736766e-17,0.9395699859530622,0.342356891994542,0.9749279121818236,-0.22252093395631434
26125504,240,2020-03-11 21:05:00,0.0,PARAGUAICITO  - AUT,QUINDÍO,BUENAVISTA,CAUCA,4.395555556,-75.73416667,Precipitacion,mm,0.1,0.0,0.0,0.014285714285714287,0.03779644730092272,0.007142857142857136,0.02672612419124244,1.0,6.123233995736766e-17,0.9395699859530622,0.342356891994542,0.9749279121818236,-0.22252093395631434
35165000,240,2020-03-11 21:10:00,0.0,EL TUNEL,BOYACÁ,CUÍTIVA,META,5.575,-72.941,Precipitacion,mm,0.0,0.1,0.0,0.014285714285714287,0.03779644730092272,0.007142857142857136,0.02672612419124244,1.0,6.123233995736766e-17,0.9395699859530622,0.342356891994542,0.9749279121818236,-0.22252093395631434
26180250,240,2020-03-11 21:20:00,0.0,VALLE ALTO  - AUT,CALDAS,SALAMINA,CAUCA,5.35,-75.31777778,Precipitacion,mm,0.0,0.0,0.0,0.014285714285714287,0.03779644730092272,0.007142857142857136,0.02672612419124244,1.0,6.123233995736766e-17,0.9395699859530622,0.342356891994542,0.9749279121818236,-0.22252093395631434
2319500043,240,2020-03-11 21:40:00,0.0,FLORIDABLANCA - AUT,SANTANDER,FLORIDABLANCA,MEDIO MAGDALENA,7.0568,-73.1094,Precipitacion,mm,0.0,0.0,0.0,0.014285714285714287,0.03779644730092272,0.007142857142857136,0.02672612419124244,1.0,6.123233995736766e-17,0.9395699859530622,0.342356891994542,0.9749279121818236,-0.22252093395631434
26065502,240,2020-03-11 21:40:00,0.0,TRINIDAD LA  - AUT,CAUCA,PIENDAMÓ,CAUCA,2.750555556,-76.57916667,Precipitacion,mm,0.0,0.0,0.0,0.014285714285714287,0.03779644730092272,0.007142857142857136,0.02672612419124244,1.0,6.123233995736766e-17,0.9395699859530622,0.342356891994542,0.9749279121818236,-0.22252093395631434
15065180,240,2020-03-11 21:50:00,0.0,APTO ALMIRANTE PADILLA TX GPRS,LA GUAJIRA,RIOHACHA,CARIBE - GUAJIRA,11.53,-72.918,Precipitacion,mm,0.0,0.0,0.0,0.014285714285714287,0.03779644730092272,0.007142857142857136,0.02672612419124244,1.0,6.123233995736766e-17,0.9395699859530622,0.342356891994542,0.9749279121818236,-0.22252093395631434
21097070,240,2020-03-11 21:50:00,0.0,PTE SANTANDER - TX GPRS,HUILA,NEIVA,ALTO MAGDALENA,2.943,-75.309,Precipitacion,mm,0.0,0.0,0.1,0.0,0.0,0.007142857142857136,0.02672612419124244,1.0,6.123233995736766e-17,0.9395699859530622,0.342356891994542,0.9749279121818236,-0.22252093395631434
1501700160,240,2020-03-11 21:50:00,0.0,RIO MANZANARES ALERTAS - AUT,MAGDALENA,SANTA MARTA,CARIBE - GUAJIRA,11.187080556,-74.096905556,Precipitacion,mm,0.0,0.0,0.0,0.0,0.0,0.007142857142857136,0.02672612419124244,1.0,6.123233995736766e-17,0.9395699859530622,0.342356891994542,0.9749279121818236,-0.22252093395631434
35035110,240,2020-03-11 22:00:00,0.0,SALINAS DE UPIN  - AUT,META,RESTREPO,META,4.273861111,-73.58686111,Precipitacion,mm,0.0,0.0,0.0,0.0,0.0,0.007142857142857136,0.02672612419124244,1.0,6.123233995736766e-17,0.9395699859530622,0.342356891994542,0.9749279121818236,-0.22252093395631434
21097120,240,2020-03-11 22:00:00,0.4,LA ESPERANZA - AUT,HUILA,PALERMO,ALTO MAGDALENA,2.728416667,-75.39638889,Precipitacion,mm,0.0,0.0,0.0,0.05714285714285715,0.15118578920369088,0.035714285714285705,0.10818177620697816,1.0,6.123233995736766e-17,0.9395699859530622,0.342356891994542,0.9749279121818236,-0.22252093395631434
26237040,240,2020-03-11 22:10:00,0.0,PTO VALDIVIA,ANTIOQUIA,VALDIVIA,CAUCA,7.287,-75.396,Precipitacion,mm,0.4,0.0,0.0,0.05714285714285715,0.15118578920369088,0.035714285714285705,0.10818177620697816,1.0,6.123233995736766e-17,0.9395699859530622,0.342356891994542,0.9749279121818236,-0.22252093395631434
2636700098,240,2020-03-11 22:10:00,0.0,HACIENDA LA GRACIOSA - AUT,VALLE DEL CAUCA,BUGALAGRANDE,CAUCA,4.2398,-76.049247222,Precipitacion,mm,0.0,0.4,0.0,0.05714285714285715,0.15118578920369088,0.035714285714285705,0.10818177620697816,1.0,6.123233995736766e-17,0.9395699859530622,0.342356891994542,0.9749279121818236,-0.22252093395631434
21206960,240,2020-03-11 22:20:00,0.0,IDEAM BOGOTA  - AUT,BOGOTA,"BOGOTA, D.C",ALTO MAGDALENA,4.6,-74.06666667,Precipitacion,mm,0.0,0.0,0.0,0.05714285714285715,0.15118578920369088,0.035714285714285705,0.10818177620697816,1.0,6.123233995736766e-17,0.9395699859530622,0.342356891994542,0.9749279121818236,-0.22252093395631434
21206790,240,2020-03-11 22:30:00,0.0,HACIENDA SANTA ANA - AUT,CUNDINAMARCA,NEMOCÓN,ALTO MAGDALENA,5.0905,-73.88125,Precipitacion,mm,0.0,0.0,0.0,0.05714285714285715,0.15118578920369088,0.028571428571428564,0.10690449676496976,1.0,6.123233995736766e-17,0.9395699859530622,0.342356891994542,0.9749279121818236,-0.22252093395631434
44035040,240,2020-03-11 22:40:00,0.0,FLORENCIA - AUT,CAQUETA,FLORENCIA,CAQUETÁ,1.733,-75.64502778,Precipitacion,mm,0.0,0.0,0.0,0.05714285714285715,0.15118578920369088,0.028571428571428564,0.10690449676496976,1.0,6.123233995736766e-17,0.9395699859530622,0.342356891994542,0.9749279121818236,-0.22252093395631434
11047040,240,2020-03-11 22:40:00,0.0,QUIBDO - AUT,CHOCO,QUIBDÓ,ATRATO - DARIÉN,5.697991667,-76.66225833,Precipitacion,mm,0.0,0.0,0.0,0.05714285714285715,0.15118578920369088,0.028571428571428564,0.10690449676496976,1.0,6.123233995736766e-17,0.9395699859530622,0.342356891994542,0.9749279121818236,-0.22252093395631434
21255501,240,2020-03-11 22:40:00,2.0,LA TRINIDAD  - AUT,TOLIMA,LÍBANO,ALTO MAGDALENA,4.895,-75.04,Precipitacion,mm,0.0,0.0,0.4,0.2857142857142857,0.7559289460184545,0.17142857142857143,0.5369838436597961,1.0,6.123233995736766e-17,0.9395699859530622,0.342356891994542,0.9749279121818236,-0.22252093395631434
25025380,240,2020-03-11 22:40:00,0.0,SAN BENITO ABAD - LA MOJANA TX GPRS/GOES,SUCRE,SAN BENITO ABAD,BAJO MAGDALENA- CAUCA -SAN JORGE,9.164,-75.045,Precipitacion,mm,2.0,0.0,0.0,0.2857142857142857,0.7559289460184545,0.17142857142857143,0.5369838436597961,1.0,6.123233995736766e-17,0.9395699859530622,0.342356891994542,0.9749279121818236,-0.22252093395631434
35037100,240,2020-03-11 22:40:00,0.0,PUENTE ABADIA - AUT,META,VILLAVICENCIO,META,4.235333333,-73.63536111,Precipitacion,mm,0.0,2.0,0.0,0.2857142857142857,0.7559289460184545,0.17142857142857143,0.5369838436597961,1.0,6.123233995736766e-17,0.9395699859530622,0.342356891994542,0.9749279121818236,-0.22252093395631434
35085080,240,2020-03-11 22:50:00,0.0,LA CAPILLA - AUT,BOYACÁ,LA CAPILLA,META,5.099194444,-73.436,Precipitacion,mm,0.0,0.0,0.0,0.2857142857142857,0.7559289460184545,0.17142857142857143,0.5369838436597961,1.0,6.123233995736766e-17,0.9395699859530622,0.342356891994542,0.9749279121818236,-0.22252093395631434
52055150,240,2020-03-11 23:00:00,0.0,CERRO PARAMO  - AUT,NARIÑO,PUERRES,PATÍA,0.843111111,-77.38880556,Precipitacion,mm,0.0,0.0,0.0,0.2857142857142857,0.7559289460184545,0.17142857142857143,0.5369838436597961,1.0,6.123233995736766e-17,0.9395699859530622,0.342356891994542,0.9749279121818236,-0.22252093395631434
26145506,240,2020-03-11 23:10:00,0.0,FILO BONITO  - AUT,CALDAS,BELALCAZAR,CAUCA,4.986358333,-75.84574722,Precipitacion,mm,0.0,0.0,0.0,0.2857142857142857,0.7559289460184545,0.17142857142857143,0.5369838436597961,1.0,6.123233995736766e-17,0.9395699859530622,0.342356891994542,0.9749279121818236,-0.22252093395631434
22025501,240,2020-03-11 23:25:00,0.1,ATACO  - AUT,TOLIMA,ATACO,SALDAÑA,3.416666667,-75.63305556,Precipitacion,mm,0.0,0.0,0.0,0.3,0.7505553499465135,0.17857142857142858,0.5351902198551197,1.0,6.123233995736766e-17,0.9395699859530622,0.342356891994542,0.9749279121818236,-0.22252093395631434
35075080,240,2020-03-11 23:40:00,0.0,PARAMO RABANAL - AUT,BOYACÁ,VENTAQUEMADA,META,5.392388889,-73.56277778,Precipitacion,mm,0.1,0.0,2.0,0.014285714285714287,0.03779644730092364,0.15,0.5331329751860873,1.0,6.123233995736766e-17,0.9395699859530622,0.342356891994542,0.9749279121818236,-0.22252093395631434
3702500113,240,2020-03-11 23:50:00,0.0,CAMPO HERMOSO - AUT,NORTE DE SANTANDER,TOLEDO,ARAUCA,7.099138889,-72.300419444,Precipitacion,mm,0.0,0.1,0.0,0.014285714285714287,0.03779644730092364,0.15,0.5331329751860873,1.0,6.123233995736766e-17,0.9395699859530622,0.342356891994542,0.9749279121818236,-0.22252093395631434
