codigo_estacion,nombre_estacion,departamento,municipio,latitud,longitud,cod_dpto_divipola,depto_normalizado
26125504,PARAGUAICITO  - AUT,QUINDÍO,BUENAVISTA,4.395555556,-75.73416667,63,QUINDIO
3702500113,CAMPO HERMOSO - AUT,NORTE DE SANTANDER,TOLEDO,7.099138889,-72.300419444,54,NORTE DE SANTANDER
25017030,PICA PICA  - AUT,CORDOBA,MONTELÍBANO,8.030277778,-75.68027778,23,CORDOBA
26237040,PTO VALDIVIA,ANTIOQUIA,VALDIVIA,7.287,-75.396,05,ANTIOQUIA
47015100,EL ENCANO - AUT,NARIÑO,PASTO,1.159944444,-77.16147222,52,NARINO
23065502,LA PALMA  - AUT,CUNDINAMARCA,LA PALMA,5.330266667,-74.40156111,25,CUNDINAMARCA
1602500110,ARBOLEDAS - AUT,NORTE DE SANTANDER,ARBOLEDAS,7.645111111,-72.799169444,54,NORTE DE SANTANDER
2308500071,RETIRO - AUT,ANTIOQUIA,RETIRO,6.060275,-75.509513889,05,ANTIOQUIA
21015060,MARENGO  - AUT,HUILA,PITALITO,2.221111111,-76.11888889,41,HUILA
11080010,PR CHOCO: BELLAVISTA,CHOCÓ,BOJAYÁ (BELLAVISTA),6.559,-76.885,27,CHOCO
29004520,ESCUELA NAVAL BARRANQUILLA  - AUT,ATLANTICO,BARRANQUILLA,11.00638889,-74.785,08,ATLANTICO
21205910,LA COSECHA - AUT,CUNDINAMARCA,ZIPAQUIRÁ,4.989222222,-74.00119444,25,CUNDINAMARCA
26217010,LA GALERA - AUT,ANTIOQUIA,SANTA FE DE ANTIOQUIA,6.554972222,-75.86419444,05,ANTIOQUIA
12015060,TULENAPA  - AUT,ANTIOQUIA,CAREPA,7.773944444,-76.66575,05,ANTIOQUIA
21255501,LA TRINIDAD  - AUT,TOLIMA,LÍBANO,4.895,-75.04,73,TOLIMA
25025340,SAN MARCOS - AUT,SUCRE,SAN MARCOS,8.596833333,-75.14269444,70,SUCRE
47017110,MONOPAMBA  - AUT,NARIÑO,PUERRES,0.807777778,-77.30694444,52,NARINO
21209920,SANTA ROSITA - AUT,CUNDINAMARCA,SUESCA,5.19225,-73.77905556,25,CUNDINAMARCA
35037100,PUENTE ABADIA - AUT,META,VILLAVICENCIO,4.235333333,-73.63536111,50,META
37057020,ALCARAVAN  AUT,ARAUCA,ARAUQUITA,7.035,-71.41638889,81,ARAUCA
23195240,AGUACHICA - AUT,CESAR,AGUACHICA,8.123416667,-73.57986111,20,CESAR
2603500127,REMOLINO ALERTAS - EL VOLCAN - AUT,CAUCA,EL TAMBO,2.542913889,-76.852061111,19,CAUCA
16027060,PUERTO LEON - AUT,NORTE DE SANTANDER,PUERTO SANTANDER,8.350277778,-72.43472222,54,NORTE DE SANTANDER
52055210,BOTANA - AUT,NARIÑO,PASTO,1.16,-77.27880556,52,NARINO
2120700146,UNIVERSIDAD DE LA SABANA - AUT,CUNDINAMARCA,CHÍA,4.85475,-74.04,25,CUNDINAMARCA
35217030,PUENTE LA CABANA,CASANARE,YOPAL,5.438,-72.455,85,CASANARE
26135330,LA LAGUNA DEL OTUN  - AUT,RISARALDA,PEREIRA,4.776361111,-75.4125,66,RISARALDA
56015010,PR CHOCO: PANAMERICANA,CHOCÓ,BAHÍA SOLANO (MUTIS),6.223,-77.404,27,CHOCO
1501700160,RIO MANZANARES ALERTAS - AUT,MAGDALENA,SANTA MARTA,11.187080556,-74.096905556,47,MAGDALENA
36015501,TAMARA  - AUT,CASANARE,TÁMARA,5.872219444,-72.11944167,85,CASANARE
26145506,FILO BONITO  - AUT,CALDAS,BELALCAZAR,4.986358333,-75.84574722,17,CALDAS
35235040,PERENCO - TRINIDAD METEO,CASANARE,TRINIDAD,5.419,-71.666,85,CASANARE
46035010,MAGUARE - AUT,CAQUETA,EL DONCELLO,1.640222222,-75.16266667,18,CAQUETA
23085501,COCORNA  - AUT,ANTIOQUIA,COCORNÁ,6.061941667,-75.18666667,05,ANTIOQUIA
15035020,TERMOGUAJIRA  - AUT,LA GUAJIRA,DIBULLA,11.2525,-73.41138889,44,LA GUAJIRA
26155220,VILLAMARIA - AUT,CALDAS,VILLAMARIA,5.048666667,-75.51388889,17,CALDAS
26125710,APTO MATECAÑA TX GPS/GOES,RISARALDA,PEREIRA,4.813,-75.74,66,RISARALDA
21055501,SIMON CAMPOS  - AUT,HUILA,LA PLATA,2.345830556,-75.87805556,41,HUILA
24027070,MERIDA - AUT,SANTANDER,PÁRAMO,6.444722222,-73.15833333,68,SANTANDER
2319500125,POLIDEPORTIVO CACHIRA - AUT,NORTE DE SANTANDER,CÁCHIRA,7.649638889,-73.178361111,54,NORTE DE SANTANDER
26155150,LAS BRISAS - AUT,CALDAS,VILLAMARIA,4.934527778,-75.35038889,17,CALDAS
21057050,VEGA EL SALADO  - AUT,HUILA,LA PLATA,2.331444444,-75.94216667,41,HUILA
21015502,SAN AGUSTIN  - AUT,HUILA,SAN AGUSTÍN,1.851416667,-76.30433056,41,HUILA
26145505,LA FLORESTA  - AUT,CALDAS,BELALCAZAR,4.979219444,-75.83555556,17,CALDAS
35217060,PERENCO: EL PLAYON,CASANARE,NUNCHÍA,5.54,-72.232,85,CASANARE
21137050,RIO ANGOSTURA  - AUT,TOLIMA,NATAGAIMA,3.443194444,-75.11880556,73,TOLIMA
2301700089,GUALÍ ALERTAS - AUT,TOLIMA,FRESNO,5.134277778,-75.062055556,73,TOLIMA
21115501,TELLO  - AUT,HUILA,TELLO,2.960666667,-75.02849722,41,HUILA
26125508,LACATALINA  - AUT,RISARALDA,PEREIRA,4.7475,-75.73805556,66,RISARALDA
35085080,LA CAPILLA - AUT,BOYACÁ,LA CAPILLA,5.099194444,-73.436,15,BOYACA
14019030,CC DIQUE: CIOH,BOLÍVAR,CARTAGENA DE INDIAS,10.391,-75.534,13,BOLIVAR
26247010,PALMIRA HACIENDA  - AUT,ANTIOQUIA,CÁCERES,7.796777778,-75.37252778,05,ANTIOQUIA
24035390,PARAMO ALMORZADERO  - AUT,SANTANDER,CERRITO,6.945388889,-72.69633333,68,SANTANDER
21206790,HACIENDA SANTA ANA - AUT,CUNDINAMARCA,NEMOCÓN,5.0905,-73.88125,25,CUNDINAMARCA
29067150,GANADERIA CARIBE  - AUT,MAGDALENA,ARACATACA,10.57491667,-74.12666667,47,MAGDALENA
21205502,MISIONES  - AUT,CUNDINAMARCA,EL COLEGIO,4.544997222,-74.44055556,25,CUNDINAMARCA
25020440,SAN PEDRO - LA MOJANA TX GPRS/GOES,SUCRE,SAN PEDRO,9.402,-75.016,70,SUCRE
23025502,ALMACAFE LETRAS  - AUT,CALDAS,MANIZALES,5.044997222,-75.33221944,17,CALDAS
29047070,SAN PEDRITO - TX GPRS,ATLÁNTICO,SUAN,10.268,-74.908,08,ATLANTICO
28025502,APTO ALFONSO LOPEZ,CESAR,VALLEDUPAR,10.436,-73.248,20,CESAR
26115501,MANUEL MARIA MALLARINO  - AUT,VALLE DEL CAUCA,TRUJILLO,4.213611111,-76.31497222,76,VALLE DEL CAUCA
1206500136,UNIVERSIDAD UNAD CARTAGENA - AUT,BOLIVAR,CARTAGENA DE INDIAS,10.400311111,-75.513280556,13,BOLIVAR
26145503,ANSERMA  - AUT,CALDAS,ANSERMA,5.231330556,-75.77961667,17,CALDAS
11057020,SAN ANTONIO PADUA  - AUT,ANTIOQUIA,VIGIA DEL FUERTE,6.286666667,-76.76180556,05,ANTIOQUIA
21237020,ARRANCAPLUMAS  - AUT,CUNDINAMARCA,GUADUAS,5.202416667,-74.72761111,25,CUNDINAMARCA
21165502,VILLARICA  - AUT,TOLIMA,VILLARRICA,3.955641667,-74.59178611,73,TOLIMA
25025030,AYAPEL,CÓRDOBA,AYAPEL,8.295,-75.165,23,CORDOBA
24030680,EL PARAMO - AUT,SANTANDER,CARCASÍ,6.653333333,-72.59083333,68,SANTANDER
37015030,BERLIN - AUT,SANTANDER,TONA,7.187,-72.8685,68,SANTANDER
35105050,GUAICARAMO  - AUT,META,BARRANCA DE UPÍA,4.468666667,-72.95358333,50,META
5204700100,PUENTE LOS DOLORES - AUT,NARIÑO,PASTO,1.199805556,-77.265694444,52,NARINO
21127030,SANTA MARIA  - AUT,HUILA,SANTA MARÍA,2.971777778,-75.59244444,41,HUILA
2805500075,CURUMANÍ - AUT,CESAR,CURUMANÍ,9.238138889,-73.512916667,20,CESAR
25027750,SAN MARCOS - LA MOJANA TX GPRS/GOES,SUCRE,SAN MARCOS,8.655,-75.131,70,SUCRE
29035080,NORMAL MANATI  - AUT,ATLANTICO,MANATÍ,10.45358333,-74.95463889,08,ATLANTICO
44035040,FLORENCIA - AUT,CAQUETA,FLORENCIA,1.733,-75.64502778,18,CAQUETA
16015130,ALCALDIA DE HERRAN  - AUT,NORTE DE SANTANDER,HERRÁN,7.506722222,-72.48536111,54,NORTE DE SANTANDER
44017070,SANTA ROSA  - AUT,CAUCA,SANTA ROSA,1.705,-76.56222222,19,CAUCA
16025503,GRAMALOTE  - AUT,NORTE DE SANTANDER,GRAMALOTE,7.923163889,-72.83375556,54,NORTE DE SANTANDER
26155502,CENICAFE  - AUT,CALDAS,MANIZALES,4.991111111,-75.59749722,17,CALDAS
21115170,LA PLATA - AUT,HUILA,NEIVA,2.759138889,-75.07455556,41,HUILA
3519700092,MANI - AUT,CASANARE,MANI,4.816419444,-72.30865,85,CASANARE
21205710,JARDIN BOTANICO  - AUT,BOGOTA,"BOGOTA, D.C",4.669333333,-74.10266667,11,BOGOTA
26015030,PNN PURACE - AUT,CAUCA,PURACÉ (COCONUCO),2.356848889,-76.40354389,19,CAUCA
22057060,LA MURALLA - AUT,TOLIMA,ATACO,3.481361111,-75.46697222,73,TOLIMA
23195502,APTO PALONEGRO,SANTANDER,LEBRIJA,7.121,-73.185,68,SANTANDER
44037080,MORELIA  - AUT,CAQUETA,MORELIA,1.497333333,-75.72497222,18,CAQUETA
3706500109,ARAUCA TERMINAL - AUT,ARAUCA,ARAUCA,7.063780556,-70.733080556,81,ARAUCA
35095120,AQUITANIA - AUT,BOYACÁ,AQUITANIA,5.556638889,-72.88175,15,BOYACA
15065180,APTO ALMIRANTE PADILLA TX GPRS,LA GUAJIRA,RIOHACHA,11.53,-72.918,44,LA GUAJIRA
26185501,SONSON  - AUT,ANTIOQUIA,SONSÓN,5.677719444,-75.34780556,05,ANTIOQUIA
2401500040,CUCUNUBA - AUT,CUNDINAMARCA,CUCUNUBÁ,5.219558333,-73.784541667,25,CUNDINAMARCA
52055150,CERRO PARAMO  - AUT,NARIÑO,PUERRES,0.843111111,-77.38880556,52,NARINO
26085501,LA CELIA  - AUT,RISARALDA,LA CELIA,5.001330556,-75.998,66,RISARALDA
26167070,IRRA  - AUT,CALDAS,NEIRA,5.268305556,-75.66419444,17,CALDAS
25025380,SAN BENITO ABAD - LA MOJANA TX GPRS/GOES,SUCRE,SAN BENITO ABAD,9.164,-75.045,70,SUCRE
26075501,FLORIDA  - AUT,VALLE DEL CAUCA,FLORIDA,3.291469444,-76.17735833,76,VALLE DEL CAUCA
35035110,SALINAS DE UPIN  - AUT,META,RESTREPO,4.273861111,-73.58686111,50,META
2319500043,FLORIDABLANCA - AUT,SANTANDER,FLORIDABLANCA,7.0568,-73.1094,68,SANTANDER
21137030,PUENTE CARRETERA  - AUT,HUILA,AIPE,3.263416667,-75.25097222,41,HUILA
54057010,NOANAMA ASERRIO,CHOCO,MEDIO SAN JUAN,4.673,-76.933,27,CHOCO
35057010,EL CABLE,CUNDINAMARCA,PARATEBUENO,4.396222222,-73.29252778,25,CUNDINAMARCA
21097070,PTE SANTANDER - TX GPRS,HUILA,NEIVA,2.943,-75.309,41,HUILA
52057050,SAN PEDRO  - AUT,NARIÑO,LINARES,1.383,-77.48227778,52,NARINO
26075150,APTO ALFONSO BONILLA ARAGON - TX GPRS,VALLE DEL CAUCA,PALMIRA,3.533,-76.382,76,VALLE DEL CAUCA
26095320,EL VINCULO - AUT,VALLE DEL CAUCA,BUGA,3.834805556,-76.30000556,76,VALLE DEL CAUCA
21160260,PUERTO LLERAS TOLIMA  - AUT,TOLIMA,VILLARRICA,3.839777778,-74.68830556,73,TOLIMA
26135501,EL PILAMO  - AUT,RISARALDA,PEREIRA,4.868333333,-75.79333333,66,RISARALDA
35075080,PARAMO RABANAL - AUT,BOYACÁ,VENTAQUEMADA,5.392388889,-73.56277778,15,BOYACA
35165000,EL TUNEL,BOYACÁ,CUÍTIVA,5.575,-72.941,15,BOYACA
21206960,IDEAM BOGOTA  - AUT,BOGOTA,"BOGOTA, D.C",4.6,-74.06666667,11,BOGOTA
26175501,RAFAEL ESCOBAR  - AUT,CALDAS,SUPIA,5.45,-75.63305556,17,CALDAS
23125501,PAUNA  - AUT,BOYACÁ,PAUNA,5.657130556,-73.96032778,15,BOYACA
2636700098,HACIENDA LA GRACIOSA - AUT,VALLE DEL CAUCA,BUGALAGRANDE,4.2398,-76.049247222,76,VALLE DEL CAUCA
28045501,PUEBLO BELLO  - AUT,CESAR,PUEBLO BELLO,10.42166667,-73.57471944,20,CESAR
11047040,QUIBDO - AUT,CHOCO,QUIBDÓ,5.697991667,-76.66225833,27,CHOCO
21015040,LA PRIMAVERA - AUT,HUILA,SALADOBLANCO,2.021583333,-76.11433333,41,HUILA
26065502,TRINIDAD LA  - AUT,CAUCA,PIENDAMÓ,2.750555556,-76.57916667,19,CAUCA
26055120,UNIVERSIDAD DEL VALLE  - AUT,VALLE DEL CAUCA,CALI,3.378,-76.53388889,76,VALLE DEL CAUCA
26195502,CIUDAD BOLIVAR  - AUT,ANTIOQUIA,CIUDAD BOLÍVAR,5.868666667,-75.99044167,05,ANTIOQUIA
23035030,BASE PALANQUERO  - AUT,CUNDINAMARCA,PUERTO SALGAR,5.492861111,-74.658,25,CUNDINAMARCA
23195200,CACHIRI  - AUT,SANTANDER,SURATÁ,7.473888889,-72.99111111,68,SANTANDER
26155170,TESORITO FINCA  - AUT,CALDAS,MANIZALES,5.032222222,-75.43833333,17,CALDAS
21097120,LA ESPERANZA - AUT,HUILA,PALERMO,2.728416667,-75.39638889,41,HUILA
22025501,ATACO  - AUT,TOLIMA,ATACO,3.416666667,-75.63305556,73,TOLIMA
24035370,EL ESPINO - AUT,BOYACÁ,EL ESPINO,6.506722222,-72.45266667,15,BOYACA
24055501,CHUCURI  - AUT,SANTANDER,SAN VICENTE DE CHUCURÍ,6.863566667,-73.38411667,68,SANTANDER
23197700,MAJADAS - AUT,SANTANDER,BUCARAMANGA,7.160277778,-73.09305556,68,SANTANDER
25025350,PUERTA ROJA - AUT,SUCRE,SINCELEJO,9.316388889,-75.3875,70,SUCRE
3518700145,TUA BALNEARIO - AUT,CASANARE,MONTERREY,4.88565,-72.900888889,85,CASANARE
54077210,JUANCHACO - AUT,VALLE DEL CAUCA,BUENAVENTURA,3.925147222,-77.34900556,76,VALLE DEL CAUCA
21205660,MERCEDES - AUT,CUNDINAMARCA,ANAPOIMA,4.581888889,-74.52661111,25,CUNDINAMARCA
24017600,MONIQUIRA  - AUT,BOYACÁ,MONIQUIRÁ,5.878138889,-73.57025,15,BOYACA
15015060,SAN LORENZO  - AUT,MAGDALENA,SANTA MARTA,11.11108333,-74.05469444,47,MAGDALENA
2125700094,RECIO 1 - AUT,TOLIMA,LÍBANO,4.873833333,-75.042583333,73,TOLIMA
21195501,GRANJA TIBACUY  - AUT,CUNDINAMARCA,TIBACUY,4.363052778,-74.43527778,25,CUNDINAMARCA
16015502,BLONAY  - AUT,NORTE DE SANTANDER,CHINÁCOTA,7.564997222,-72.62110833,54,NORTE DE SANTANDER
1111500036,ABRIAQUI - AUT,ANTIOQUIA,ABRIAQUÍ,6.6363,-76.070733333,05,ANTIOQUIA
25025000,EL DIFICIL - AUT,MAGDALENA,ARIGUANÍ (EL DIFICIL),9.911972222,-74.08580556,47,MAGDALENA
37027010,PEÑA DE LOS MICOS - AUT,NORTE DE SANTANDER,TOLEDO,7.196972222,-72.42477778,54,NORTE DE SANTANDER
26125300,CALARCA - AUT,QUINDÍO,CALARCÁ,4.528305556,-75.59638889,63,QUINDIO
26115090,LAS BRISAS - AUT,VALLE DEL CAUCA,ANSERMANUEVO,4.775583333,-76.14427778,76,VALLE DEL CAUCA
53115501,DAGUA  - AUT,VALLE DEL CAUCA,DAGUA,3.610441667,-76.63785833,76,VALLE DEL CAUCA
35215020,APTO YOPAL,CASANARE,YOPAL,5.32,-72.388,85,CASANARE
35215030,PERENCO: PISBA,BOYACÁ,PISVA,5.721,-72.488,15,BOYACA
44017120,PIEDRA LISA II  - AUT,PUTUMAYO,MOCOA,1.213611111,-76.66102778,86,PUTUMAYO
26207080,BOLOMBOLO - AUT,ANTIOQUIA,VENECIA,5.965944444,-75.84147222,05,ANTIOQUIA
52055170,LA JOSEFINA - AUT,NARIÑO,CONTADERO,0.930305556,-77.49119444,52,NARINO
23065501,PACHO  - AUT,CUNDINAMARCA,PACHO,5.129127778,-74.15769722,25,CUNDINAMARCA
2633700150,GUAYABAL - AUT,VALLE DEL CAUCA,BUGA,3.894569444,-76.347022222,76,VALLE DEL CAUCA
21205940,VILLA INES  - AUT,CUNDINAMARCA,FACATATIVÁ,4.834972222,-74.38397222,25,CUNDINAMARCA
26187040,QUITASUENO  - AUT,CALDAS,AGUADAS,5.721138889,-75.55258333,17,CALDAS
2604500134,TORIBIO ALERTAS   TORIBIO - AUT,CAUCA,TORIBÍO,2.952388889,-76.262083333,19,CAUCA
21055070,INZA - AUT,CAUCA,INZÁ,2.548194444,-76.06394444,19,CAUCA
24035360,SOCHA - AUT,BOYACÁ,SOCHA,5.985416667,-72.99702778,15,BOYACA
26180250,VALLE ALTO  - AUT,CALDAS,SALAMINA,5.35,-75.31777778,17,CALDAS
52025090,LA SIERRA - AUT,CAUCA,LA SIERRA,2.193833333,-76.75033333,19,CAUCA
22077050,PIJAITO  - AUT,TOLIMA,ROVIRA,4.150388889,-75.306,73,TOLIMA
21197080,BONANZA LA HACIENDA  - AUT,CUNDINAMARCA,SILVANIA,4.400027778,-74.36358333,25,CUNDINAMARCA
21215180,BATALLON ROOKE  - AUT,TOLIMA,IBAGUÉ,4.418388889,-75.24866667,73,TOLIMA
35025080,PNN CHINGAZA - AUT,CUNDINAMARCA,LA CALERA,4.661,-73.82733333,25,CUNDINAMARCA
22045502,EL RUBY  - AUT,TOLIMA,PLANADAS,3.95,-75.66666667,73,TOLIMA
33035010,CARIMAGUA,META,PUERTO GAITÁN,4.574,-71.341,50,META
2403500084,MONGUA - AUT,BOYACÁ,MONGUA,5.758019444,-72.79485,15,BOYACA
21185501,ROVIRA  - AUT,TOLIMA,ROVIRA,4.266666667,-75.28305556,73,TOLIMA
