Unnamed: 0,Unnamed: 1,Unnamed: 2,Unnamed: 3,Unnamed: 4,Unnamed: 5,Unnamed: 6,Unnamed: 7,Unnamed: 8,Unnamed: 9,Unnamed: 10,Unnamed: 11,Unnamed: 12,Unnamed: 13,Unnamed: 14,Unnamed: 15,Unnamed: 16,Unnamed: 17,Unnamed: 18,Unnamed: 19,Unnamed: 20,Unnamed: 21,Unnamed: 22,Unnamed: 23,Unnamed: 24,Unnamed: 25,Unnamed: 26,Unnamed: 27,Unnamed: 28
Jueves 17 de septiembre de 2026,,,,,,,,,,,,,,,,,,,,,,,,,,,,
Precio $/Kg,"Armenia, Mercar",,"Bogotá, Corabastos",,"Bucaramanga, Centroabastos",,"Cali, 
Cavasa",,"Cúcuta, Cenabastos",,"Ibagué, Plaza La 21",,"Manizales, Centro Galerías",,"Medellín,
CMA",,"Neiva, Surabastos",,"Pasto, El Potrerillo",,"Pereira, 
La 41-Impala",,"Pereira, 
Mercasa",,Santa Marta,,Tunja,
,Precio,Var %,Precio,Var %,Precio,Var %,Precio,Var %,Precio,Var %,Precio,Var %,Precio,Var %,Precio,Var %,Precio,Var %,Precio,Var %,Precio,Var %,Precio,Var %,Precio,Var %,Precio,Var %
Verduras y hortalizas,,,,,,,,,,,,,,,,,,,,,,,,,,,,
Ahuyama,1033,0,2200,-0.03,1350,0,1600,0.14,1917,0,1800,0,2000,0,1250,0,n.d.,n.d.,n.d.,n.d.,1700,-0.04,1700,-0.04,n.d.,n.d.,958,-0.03
Arveja verde en vaina,5600,0,7200,0.01,6700,0.05,6700,0.2,8500,-0.01,5900,-0.07,8000,0,5425,0.01,6800,-0.04,5700,0,6280,-0.06,6933,0.04,n.d.,n.d.,6200,-0.05
Cebolla cabezona blanca,2733,0.14,1917,-0.08,2225,-0.12,2917,0.06,2517,0,2627,-0.13,3100,0,2448,-0.15,n.d.,n.d.,2005,-0.16,2713,-0.21,2800,0.09,3100,-0.05,1825,-0.19
Cebolla junca,2476,0,2083,-0.17,1836,0.04,1833,0.03,1563,0,n.d.,n.d.,2960,-0.08,2100,0.08,2444,-0.08,1878,0,2444,-0.01,2511,0,n.d.,n.d.,2125,-0.06
Chócolo mazorca,1143,0,3317,0.08,2280,-0.07,3202,-0.12,2273,0.01,4267,-0.03,1400,0.03,1938,0.24,3600,-0.06,2120,0,n.d.,n.d.,n.d.,n.d.,2100,0,2650,0
Fríjol verde*,5200,0,5833,-0.07,7100,0.03,6883,-0.03,n.d.,n.d.,5733,-0.1,9000,0.06,5200,-0.05,6400,-0.04,5650,0.01,n.d.,n.d.,7000,0,n.d.,n.d.,5600,0
Habichuela,4160,0,6417,-0.11,7500,0.02,6600,0.13,7292,-0.03,5600,-0.22,4800,-0.25,3875,-0.13,7200,-0.08,8083,0,5867,-0.25,5200,-0.07,n.d.,n.d.,6400,-0.16
Lechuga Batavia,1689,n.d.,2188,0.17,1729,0,1442,0.01,1861,0,2133,-0.04,2800,-0.07,1272,0.08,2160,0,1538,0,2361,0.05,2417,0.05,2958,-0.03,1667,0.06
Pepino cohombro,1767,0,4625,0.01,2750,-0.04,3000,0.07,3400,-0.04,3333,-0.16,2800,-0.07,3575,-0.01,3333,-0.04,2650,-0.02,3700,-0.03,3175,-0.02,3380,0.02,3280,0.01
Pimentón,2967,0,4775,0.01,6625,0.15,3883,-0.05,6007,0.06,4317,-0.04,4500,-0.1,4538,0.09,3810,0.07,4107,0.02,4767,0.06,4500,0,4083,0.03,4696,-0.01
Remolacha,1627,0,1333,0.03,1409,-0.06,1764,-0.07,1733,0.04,1733,0.08,2182,-0.14,2100,0,1813,-0.03,n.d.,n.d.,n.d.,n.d.,2200,0.02,1917,0.12,1100,-0.02
Tomate*,4924,0,4290,-0.09,3920,-0.15,4858,-0.01,4757,-0.01,4533,0.01,4545,0,4663,0.08,4058,-0.14,3625,-0.04,4767,-0.02,4833,0.04,n.d.,n.d.,n.d.,n.d.
Zanahoria,1694,0,1861,0.08,1375,-0.02,n.d.,n.d.,1117,0,1907,-0.09,n.d.,n.d.,878,0.05,2000,-0.06,750,0.05,n.d.,n.d.,n.d.,n.d.,1417,-0.07,1010,0.01
Frutas frescas,,,,,,,,,,,,,,,,,,,,,,,,,,,,
Aguacate *,n.d.,n.d.,9438,-0.01,9000,0,8708,-0.02,8000,-0.05,8000,0,7000,0,7875,-0.03,8333,0,n.d.,n.d.,9167,0.04,8500,0,n.d.,n.d.,8750,-0.01
Banano*,1433,0,2363,-0.02,2700,0,2189,0.06,2500,0,1633,-0.18,1500,0,1500,0,1600,0.09,n.d.,n.d.,1767,-0.03,1700,-0.07,1441,0,1850,-0.05
Coco,3633,0,5677,0,n.d.,n.d.,4747,-0.02,n.d.,n.d.,n.d.,n.d.,7419,0,6058,0,n.d.,n.d.,n.d.,n.d.,n.d.,n.d.,4533,0,n.d.,n.d.,n.d.,n.d.
Granadilla,9289,0.06,6500,0.03,8304,-0.01,7111,0.07,8571,0,n.d.,n.d.,8667,0,4135,-0.04,6000,-0.05,n.d.,n.d.,n.d.,n.d.,6667,0,n.d.,n.d.,6633,-0.12
Guayaba*,2067,0,3482,0.13,1180,0.03,1883,0.2,3049,-0.01,n.d.,n.d.,3800,0.09,3575,-0.03,2000,0,1938,0.03,2633,-0.1,3233,0.21,n.d.,n.d.,2724,0.07
Limón común,5000,0,3250,0,5100,0.02,4917,-0.07,6417,0,3286,-0.04,n.d.,n.d.,3643,0,4267,0,n.d.,n.d.,5750,n.d.,5000,-0.12,n.d.,n.d.,n.d.,n.d.
Limón Tahití,1867,0,3857,0.1,3100,0.35,3283,0.06,3030,-0.02,3048,-0.04,1800,-0.1,3025,-0.03,4000,0.05,2857,0.03,2167,-0.1,2450,0.03,n.d.,n.d.,3068,0.02
Lulo,4567,-0.09,5025,0,5500,-0.01,4692,-0.08,6500,-0.04,5333,0.03,6000,0,4800,-0.02,5067,-0.05,3768,0,5700,-0.01,5633,0.06,n.d.,n.d.,4600,-0.01
Mandarina*,2933,0,4773,0.02,4185,0.03,4250,-0.06,5000,0.02,n.d.,n.d.,3000,0.11,3375,0.03,n.d.,n.d.,n.d.,n.d.,2733,-0.09,2700,0.01,n.d.,n.d.,4375,0.03
Mango Tommy,5667,0,9479,0.07,9050,0.01,8967,-0.04,n.d.,n.d.,n.d.,n.d.,10000,0,8725,0.01,7000,0,7600,0.03,9333,0.01,9467,0,n.d.,n.d.,7768,0
Manzana royal gala,8070,0,8092,0,7875,0,7895,-0.02,8167,0.04,8070,0.05,8158,0.03,7105,-0.07,9237,0,7303,-0.01,n.d.,n.d.,7368,-0.02,n.d.,n.d.,8596,0
Maracuyá,3467,0,5625,0.19,4300,-0.01,6146,0.06,6208,0.07,4880,0.02,6300,-0.03,4238,0.07,n.d.,n.d.,5417,0,5767,-0.02,5950,0.01,n.d.,n.d.,4625,0
Mora de Castilla,7767,0,6375,-0.04,5700,0,6567,0.07,5174,0,7700,-0.01,8000,0,5275,-0.04,5200,0.04,4938,-0.04,7750,0,7167,0.1,5800,0.02,5925,0.02
Naranja*,n.d.,n.d.,2769,-0.02,1980,0.05,n.d.,n.d.,2236,-0.04,n.d.,n.d.,1600,0,3475,0.01,n.d.,n.d.,n.d.,n.d.,n.d.,n.d.,2367,0.15,n.d.,n.d.,1887,-0.02
Papaya Maradol,1200,-0.18,n.d.,n.d.,n.d.,n.d.,2242,0,3500,0,n.d.,n.d.,2500,-0.11,3525,-0.01,n.d.,n.d.,2500,0,2400,-0.04,2433,0.01,n.d.,n.d.,n.d.,n.d.
Piña *,2733,0.12,2250,-0.02,2500,0.03,3683,0.04,n.d.,n.d.,3950,-0.05,4500,0,4700,0.01,n.d.,n.d.,n.d.,n.d.,5300,0.01,4467,0.02,n.d.,n.d.,n.d.,n.d.
Tomate de árbol,5267,0,4200,0,4850,0.01,4683,0.02,4933,0.01,4267,0.1,4200,-0.05,4075,0,4333,0,4150,0,4233,-0.04,4125,-0.02,5200,0,4100,-0.02
"Tubérculos, raíces y plátanos",,,,,,,,,,,,,,,,,,,,,,,,,,,,
Arracacha*,n.d.,n.d.,3417,-0.02,3867,-0.21,n.d.,n.d.,3400,-0.06,3413,-0.11,n.d.,n.d.,3656,0.01,4560,-0.01,3250,-0.03,3000,-0.03,4500,-0.02,n.d.,n.d.,3250,-0.03
Papa negra*,2070,0,2500,-0.02,2450,-0.04,2200,0.02,n.d.,n.d.,n.d.,n.d.,2400,0,2650,0,n.d.,n.d.,n.d.,n.d.,2227,-0.01,2273,0,n.d.,n.d.,n.d.,n.d.
Papa  criolla,5556,0.04,6833,0,4650,-0.11,4517,-0.02,3883,-0.03,5733,-0.06,5521,0.01,4750,-0.05,n.d.,n.d.,2500,-0.06,5733,-0.04,5800,-0.01,n.d.,n.d.,4253,-0.02
Plátano guineo,n.d.,n.d.,2350,0.03,n.d.,n.d.,n.d.,n.d.,n.d.,n.d.,n.d.,n.d.,n.d.,n.d.,1100,-0.02,1500,0,n.d.,n.d.,n.d.,n.d.,n.d.,n.d.,n.d.,n.d.,n.d.,n.d.
Plátano hartón verde,1267,0,3375,0.04,4060,0,1450,0.04,3317,0,2125,0.25,n.d.,n.d.,1625,0.16,1933,0.07,n.d.,n.d.,1100,-0.03,1300,-0.07,2375,0.01,2713,0.02
Yuca*,2180,-0.05,2521,0.01,2917,0,n.d.,n.d.,2667,0,n.d.,n.d.,2600,0,2750,0,n.d.,n.d.,n.d.,n.d.,1800,-0.03,1920,0.05,n.d.,n.d.,n.d.,n.d.
*Variedad predominante en el mercado,,,,,,,,,,,,,,,,,,,,,,,,,,,,
Var%: Variación porcentual con respecto al promedio del día de mercado anterior de la misma plaza,,,,,,,,,,,,,,,,,,,,,,,,,,,,
n.d. : no disponible,,,,,,,,,,,,,,,,,,,,,,,,,,,,
