fecha,indice_total,total_fertilizantes,total_plaguicidas,total_otros,total_simples,total_compuestos,total_herbicidas,total_fungicidas,total_insecticidas,urea_46,urea_sulfato,dap_18_46,kcl_0_0_60,sam,_15_15_15,_25_4_24,_17_6_18_2,_18_18_18,_31_8_8,_12_24_12,_13_26_6,_15_4_23,_10_20_30,_28_4_0_6,glifosato,paraquat,propanil,_2_4_d_picloram,_2_4_d,aminopiralid_2_4_d,diuron,glufosinato_de_amonio,picloram,oxadiazon,metsulfuron_metil,pendimetalin,clorotalonil,difenoconazol,mancozeb,mancozeb_cimoxanil,azoxistrobin_difenoconazol,dimetomorf,tebuconazol_trifloxistrobin,propineb_fluopicolide,mancozeb_metalaxil_m,clorpirifos,fipronil,metomil,tiametoxam_lambdacihalotrina,abamectina,imidacloprid,profenofos_cipermetrina,cipermetrina,profenofos,total_coadyuvantes,total_reguladores,total_molusquicidas
2026-07-01T00:00:00.000,170.35,203.72,116.96,133.51,205.64,201.78,118.06,113.88,114.43,223.50,206.53,239.94,164.40,163.47,186.05,211.23,200.18,214.04,217.52,204.67,212.35,204.82,177.78,159.38,124.74,107.54,138.51,118.73,123.84,145.90,119.79,74.21,104.76,84.08,70.07,109.59,91.59,92.29,151.92,120.03,128.24,89.10,122.58,139.88,127.79,0.00,0.00,121.88,73.93,98.82,82.51,125.91,123.91,130.71,134.81,126.69,205.89
2026-06-01T00:00:00.000,173.51,208.73,117.09,133.43,215.95,202.46,118.14,113.61,115.28,241.00,217.22,241.44,169.05,164.48,188.78,206.46,202.07,214.63,223.66,207.75,206.79,211.02,177.05,161.09,125.73,106.36,132.84,118.82,122.83,146.38,118.69,73.91,105.49,93.67,76.34,110.94,90.74,92.20,151.01,120.10,129.67,89.45,122.36,139.80,126.28,0.00,0.00,121.68,75.38,98.49,84.73,125.73,123.59,134.01,134.71,126.60,209.63
2026-05-01T00:00:00.000,169.50,202.61,116.53,132.88,215.10,192.06,117.11,113.17,115.81,244.32,209.21,235.43,166.11,166.49,185.26,187.21,200.66,215.36,168.66,203.04,196.42,201.07,175.77,166.63,125.26,104.88,132.56,117.74,116.24,146.64,115.83,76.08,103.93,96.03,75.11,110.90,90.03,92.29,150.87,116.81,130.14,90.84,122.53,139.42,125.97,0.00,0.00,122.42,76.40,98.59,84.56,125.06,122.96,136.28,134.14,126.17,206.75
2026-04-01T00:00:00.000,160.21,187.07,117.42,132.32,189.06,185.11,118.78,113.10,115.99,199.21,190.22,226.96,156.68,157.01,179.09,175.57,188.41,198.61,203.48,195.56,190.95,189.78,163.08,153.29,124.73,113.16,133.29,123.28,116.39,147.52,113.22,75.70,103.74,97.94,75.87,110.12,89.20,91.65,150.81,119.48,129.94,91.64,121.52,139.39,126.29,0.00,0.00,122.44,76.43,98.77,84.76,125.61,124.38,135.25,133.16,127.17,200.62
2026-03-01T00:00:00.000,150.68,171.99,116.93,131.78,169.13,174.01,118.14,112.65,115.85,172.71,167.84,217.44,145.75,140.30,167.77,160.05,173.98,180.10,191.93,184.56,188.09,178.29,161.11,171.03,124.63,112.25,132.60,119.59,114.26,146.96,112.69,76.60,105.17,97.31,74.74,113.49,89.21,92.53,150.42,115.96,129.24,91.79,121.76,138.39,125.08,0.00,0.00,121.99,77.67,98.86,84.61,125.21,121.09,134.77,132.25,127.86,197.86
2026-02-01T00:00:00.000,148.33,168.35,116.67,131.33,163.83,171.73,117.48,112.80,116.07,169.34,152.27,213.63,142.49,136.86,163.79,161.79,173.97,177.58,191.73,182.31,185.24,171.37,160.01,153.73,122.87,111.59,133.28,117.98,115.80,146.21,112.29,76.82,104.35,97.08,74.34,112.67,88.89,92.86,151.21,118.91,128.30,91.39,120.79,137.50,125.69,0.00,0.00,122.39,78.61,98.44,84.19,125.56,119.33,136.00,131.89,127.19,196.15
2026-01-01T00:00:00.000,146.40,165.06,116.95,131.12,162.25,167.05,118.08,112.69,116.05,166.53,152.19,213.25,141.66,135.47,161.06,157.99,163.86,176.94,175.58,181.47,183.30,168.69,159.35,146.43,123.16,112.02,134.18,118.55,116.75,146.92,113.45,77.18,105.61,95.90,76.32,113.52,89.22,93.05,149.66,119.19,128.64,90.58,120.84,136.41,125.20,0.00,0.00,121.08,78.63,99.85,84.39,125.24,119.69,136.51,131.75,126.91,188.69
2025-12-01T00:00:00.000,146.36,165.53,116.09,130.32,162.26,167.88,116.49,112.55,116.16,166.72,152.13,213.31,142.18,133.99,161.36,161.92,162.46,181.12,175.90,179.15,182.58,165.01,161.23,148.07,121.78,104.62,132.62,119.15,117.99,146.09,115.13,77.77,105.24,96.02,73.90,113.10,88.94,93.79,148.02,119.29,128.64,91.16,120.67,135.80,124.76,0.00,0.00,121.04,79.04,100.21,85.33,124.46,120.20,134.55,130.93,126.13,189.88
2025-11-01T00:00:00.000,146.46,165.09,117.07,130.46,162.26,167.09,118.00,112.93,116.56,167.06,152.37,210.12,141.36,136.85,159.83,161.48,162.95,176.46,173.96,182.43,181.33,166.13,160.92,147.63,125.35,111.29,132.62,118.88,115.65,146.40,116.13,78.62,99.88,97.17,68.99,112.30,88.38,93.77,147.77,121.41,128.90,94.92,120.98,135.84,124.90,0.00,0.00,121.61,78.38,99.23,85.69,125.99,120.99,138.63,131.23,125.83,185.10
2025-10-01T00:00:00.000,147.21,166.26,117.14,129.58,164.72,167.22,118.28,112.62,116.61,173.86,152.09,208.67,141.29,135.05,158.95,161.10,161.31,176.97,173.17,182.54,180.48,166.61,160.69,162.97,123.41,112.88,132.29,120.69,115.28,146.30,116.26,79.83,107.93,97.38,68.04,115.75,88.50,94.69,146.97,120.20,128.68,92.35,120.86,135.25,124.45,0.00,0.00,121.10,78.97,98.95,86.00,125.86,120.67,139.24,130.07,125.93,182.72
2025-09-01T00:00:00.000,147.05,165.71,117.63,129.30,164.08,166.73,119.00,112.61,117.15,171.39,154.71,207.71,141.12,136.28,160.64,160.95,160.18,176.42,172.15,182.51,182.08,167.95,160.47,146.81,126.68,112.96,132.23,119.99,113.35,146.47,117.21,81.37,100.38,97.45,72.91,115.71,88.38,94.71,147.02,120.77,128.47,92.93,120.75,134.94,123.87,0.00,0.00,121.46,80.13,98.74,86.09,125.62,120.52,141.40,129.82,125.63,179.14
2025-08-01T00:00:00.000,145.32,162.85,117.73,129.23,160.88,164.16,119.19,112.70,117.05,165.37,152.24,205.89,140.44,136.88,160.71,143.42,159.90,180.82,168.61,188.01,181.87,171.97,161.01,146.57,124.51,113.97,134.46,121.49,113.43,146.07,115.31,83.02,102.98,98.46,76.05,115.98,88.31,94.64,147.59,120.21,129.23,93.76,121.04,134.61,123.49,0.00,0.00,120.12,81.08,99.58,86.37,125.46,120.61,138.67,129.84,125.29,179.05
2025-07-01T00:00:00.000,146.43,164.22,118.43,128.96,159.32,167.92,120.50,112.92,116.74,164.47,149.90,203.60,136.84,138.40,162.32,156.34,160.19,176.04,183.39,191.29,181.39,173.10,161.30,145.86,126.81,112.13,137.23,120.64,113.38,147.30,116.68,83.23,116.65,98.85,76.43,116.72,88.32,94.47,147.32,120.92,129.54,95.66,120.78,134.42,124.27,0.00,0.00,119.41,80.76,99.18,86.29,125.18,121.20,138.79,129.41,125.37,186.77
2025-06-01T00:00:00.000,146.35,163.54,119.33,128.56,156.94,168.63,122.06,112.96,117.04,161.29,146.66,199.96,136.26,138.27,161.95,168.71,161.60,175.71,162.77,189.23,180.34,173.83,160.85,148.11,125.97,123.59,136.71,120.95,118.08,145.93,118.09,83.17,110.48,99.80,73.58,117.22,88.71,95.94,147.87,120.10,128.52,94.32,120.80,133.48,124.00,0.00,0.00,119.23,81.25,99.10,86.60,125.04,123.54,138.28,128.73,125.86,186.38
2025-05-01T00:00:00.000,145.31,161.79,119.43,128.26,156.82,165.55,122.00,113.07,117.56,160.69,148.25,198.03,135.54,140.40,163.72,152.93,161.81,171.93,163.97,190.06,177.67,171.58,159.82,153.61,126.55,120.17,133.35,121.03,115.87,146.96,119.77,85.78,125.59,99.47,73.08,116.93,88.51,95.53,148.14,120.26,128.51,96.41,120.99,134.02,123.71,0.00,0.00,119.28,81.61,99.43,89.89,124.53,122.89,138.57,128.76,124.50,185.09
2025-04-01T00:00:00.000,145.67,161.94,120.16,127.02,156.01,166.49,123.46,113.06,117.33,158.87,147.86,195.02,134.77,144.72,164.04,155.29,163.04,171.73,165.92,190.04,178.59,172.66,158.92,154.75,126.47,119.74,133.76,122.93,124.13,145.43,119.53,88.35,131.61,101.01,82.20,117.09,88.59,95.82,148.37,120.48,128.61,95.47,120.31,133.48,123.89,0.00,0.00,119.22,81.32,98.80,90.23,124.62,122.64,137.79,127.24,124.02,190.94
2025-03-01T00:00:00.000,145.51,161.63,120.24,127.01,155.57,166.28,123.41,113.06,117.86,158.22,144.93,192.24,138.14,143.92,164.46,150.85,163.25,175.17,165.95,192.53,178.78,171.47,157.29,158.21,127.89,120.40,133.61,123.92,117.61,146.09,120.20,87.53,126.63,100.82,83.40,117.79,88.02,97.22,149.39,120.95,127.33,94.15,120.72,133.51,123.71,0.00,0.00,120.40,81.44,99.34,89.27,124.25,124.78,138.82,127.42,123.47,187.56
2025-02-01T00:00:00.000,144.66,159.90,120.83,125.73,151.84,166.18,124.14,112.97,119.06,150.51,144.32,192.05,136.70,143.49,164.19,161.29,160.97,167.89,159.66,190.40,177.85,171.02,155.74,155.01,128.47,120.59,137.34,123.29,117.89,144.96,121.82,90.43,127.81,100.97,83.13,116.57,87.21,97.84,148.62,124.20,126.64,92.37,120.88,133.15,123.50,0.00,0.00,120.17,81.99,99.10,97.12,125.11,124.31,139.00,126.19,122.09,184.89
2025-01-01T00:00:00.000,141.58,154.76,121.08,125.35,147.13,160.70,124.79,112.51,119.23,146.56,138.52,183.05,134.20,137.96,161.70,147.82,157.82,163.93,162.35,187.63,170.92,166.07,145.78,146.02,129.86,120.02,142.19,123.68,119.69,144.73,120.04,88.38,124.14,101.00,83.54,117.05,86.15,98.66,145.92,124.49,125.61,93.68,120.66,133.32,122.73,0.00,0.00,119.86,82.80,99.20,98.22,124.66,122.93,139.24,125.90,121.40,183.73
2024-12-01T00:00:00.000,139.76,151.94,120.88,125.39,143.98,158.16,124.46,112.45,119.21,142.78,134.83,182.42,131.24,135.36,161.75,145.92,152.59,158.01,164.88,185.78,164.93,163.81,142.01,142.45,129.36,119.75,137.20,124.45,121.50,144.75,121.63,88.16,124.00,99.75,87.17,117.29,85.26,97.63,147.32,125.78,126.10,95.24,119.83,132.39,123.30,0.00,0.00,120.26,82.00,99.23,98.38,124.45,123.52,139.94,125.77,121.92,188.50
2024-11-01T00:00:00.000,137.83,148.65,121.16,125.40,140.69,154.87,124.65,113.01,119.30,140.04,131.20,177.68,129.25,129.87,154.14,147.45,148.76,157.17,153.62,177.91,165.51,159.11,142.60,148.73,128.47,119.72,141.82,126.10,119.05,145.87,121.56,91.45,123.11,100.03,81.42,117.62,85.57,99.24,147.85,126.52,125.74,96.39,119.81,133.11,122.98,0.00,0.00,119.77,83.47,98.62,98.95,124.35,122.22,139.15,125.86,121.58,191.17
2024-10-01T00:00:00.000,136.96,146.68,122.06,125.65,139.39,152.36,125.65,113.76,120.07,139.88,130.11,174.79,128.27,125.14,152.50,146.10,145.95,154.58,146.23,174.87,164.42,155.77,142.92,144.69,129.55,119.65,141.46,127.06,118.78,145.99,122.31,93.14,133.86,102.38,82.53,117.80,85.88,100.02,150.67,127.75,125.74,97.34,119.85,133.47,123.29,0.00,0.00,119.88,84.92,99.21,99.42,124.13,121.92,141.62,125.87,122.50,197.19
2024-09-01T00:00:00.000,136.21,145.19,122.54,125.83,136.05,152.39,126.61,113.94,119.69,134.34,128.76,171.12,129.88,119.03,151.38,149.73,146.31,154.06,149.17,171.10,162.63,154.40,142.92,140.46,130.48,120.37,143.29,129.73,119.92,146.43,122.81,98.32,126.63,99.77,85.52,118.84,85.70,102.17,150.05,128.13,125.24,96.62,119.87,132.98,123.71,0.00,0.00,120.38,85.62,99.03,94.80,123.05,124.53,139.41,125.86,123.27,199.83
2024-08-01T00:00:00.000,135.92,143.58,124.39,125.28,134.98,150.34,128.84,116.10,120.03,133.55,128.48,167.57,129.94,116.39,146.92,146.19,142.74,154.28,151.79,169.50,163.40,151.33,141.72,140.57,135.45,123.35,142.95,132.68,118.60,146.57,124.90,106.89,120.08,99.32,86.34,119.28,89.41,102.74,152.67,131.22,125.15,103.37,119.85,132.45,122.68,0.00,130.94,121.36,85.66,99.05,95.81,124.14,122.60,139.52,125.14,123.35,196.15
2024-07-01T00:00:00.000,135.82,142.58,125.69,126.03,134.94,148.55,130.56,116.90,120.97,132.44,127.91,167.96,133.18,114.70,147.81,147.83,139.71,152.45,145.20,163.39,161.81,146.76,140.31,137.09,137.64,126.28,142.90,134.23,124.48,146.45,126.70,100.98,128.98,100.00,84.14,120.28,90.10,103.57,152.63,132.42,125.38,107.21,119.51,132.36,123.61,0.00,131.34,122.39,87.70,99.84,95.09,123.93,123.78,141.29,126.07,123.50,196.49
2024-06-01T00:00:00.000,134.78,139.81,127.31,125.65,133.37,144.81,134.23,117.58,119.34,131.59,127.33,165.28,129.88,113.41,144.49,140.72,135.71,150.64,145.03,161.68,154.80,142.92,138.49,133.59,142.38,131.66,144.71,135.85,123.19,147.93,127.47,108.71,150.63,99.93,84.00,119.55,90.47,105.07,155.15,134.63,125.03,105.30,119.39,132.60,123.78,0.00,121.42,122.09,88.82,99.76,95.63,123.83,125.22,144.68,125.55,123.55,197.23
2024-05-01T00:00:00.000,134.75,139.13,128.29,125.65,134.21,142.88,136.43,117.67,118.73,130.85,128.06,166.66,132.90,115.76,146.36,134.18,134.35,148.50,136.99,164.77,155.09,143.41,137.87,128.81,144.98,133.46,146.31,137.73,125.54,148.58,134.09,104.54,160.30,99.79,89.10,117.62,90.87,104.00,155.74,134.02,123.92,107.57,119.71,133.67,124.14,0.00,115.24,122.57,89.67,100.52,98.92,124.40,124.20,145.56,125.52,123.70,196.04
2024-04-01T00:00:00.000,137.63,142.29,130.74,125.82,137.31,146.10,140.21,119.02,119.60,133.69,131.43,168.41,136.40,119.75,148.55,133.89,137.36,149.65,147.41,170.28,159.18,146.52,137.64,141.44,150.37,135.15,147.46,141.49,135.32,150.39,137.39,112.29,161.41,99.61,91.71,119.01,91.52,105.51,156.97,138.57,123.98,111.20,119.43,133.38,125.05,0.00,115.94,123.36,91.01,100.80,98.62,124.37,126.35,147.38,125.69,123.93,193.27
2024-03-01T00:00:00.000,140.63,146.34,132.11,125.67,141.65,149.90,142.76,118.91,120.10,139.62,132.11,170.52,140.99,124.41,148.79,137.33,142.69,154.14,152.46,175.51,165.00,151.61,142.87,144.03,155.72,138.27,146.27,143.18,140.62,150.42,139.37,112.56,158.67,100.60,93.30,122.32,90.52,106.44,157.02,137.74,123.57,113.39,119.37,133.00,125.19,0.00,115.53,122.85,91.57,102.49,101.15,123.70,128.23,147.51,125.49,123.91,195.79
2024-02-01T00:00:00.000,144.01,150.53,134.26,125.74,144.93,154.83,146.20,119.89,120.81,142.79,134.36,172.11,146.57,126.71,154.13,149.53,146.27,157.98,152.26,179.29,162.24,159.75,144.12,148.21,161.35,142.64,146.30,143.38,145.07,151.02,140.92,122.66,163.96,101.88,92.46,123.43,92.60,107.31,158.02,139.50,123.35,113.69,119.12,132.52,125.07,0.00,116.22,123.01,92.54,102.70,101.91,123.58,129.29,149.82,125.45,124.31,194.61
2024-01-01T00:00:00.000,146.01,152.81,135.83,125.50,147.29,157.03,148.58,120.94,121.21,144.21,135.82,174.64,151.21,129.34,153.37,153.58,149.38,159.74,153.51,185.99,164.25,162.64,143.11,152.08,165.81,148.07,144.46,144.55,143.16,151.52,142.03,127.85,166.07,103.21,96.41,121.68,94.20,107.33,160.19,140.60,123.27,116.33,119.16,132.60,125.89,0.00,114.76,123.18,93.82,104.11,102.79,124.07,129.09,151.59,125.50,123.13,194.71
2023-12-01T00:00:00.000,148.43,155.72,137.52,125.92,149.62,160.41,151.45,121.04,122.17,144.64,135.33,176.84,159.14,132.37,154.96,156.89,154.66,160.37,152.28,190.89,178.76,167.29,143.05,157.03,168.68,151.83,147.09,145.44,147.69,151.47,142.38,129.07,165.88,104.50,96.49,121.96,93.87,107.91,160.54,141.91,122.72,117.02,118.58,132.61,125.47,150.66,114.77,123.13,97.14,104.09,104.61,123.96,129.82,151.50,125.90,123.63,194.75
2023-11-01T00:00:00.000,150.95,159.15,138.69,125.69,151.43,165.09,153.23,121.81,122.38,146.19,133.88,180.76,162.67,132.88,158.70,162.69,163.33,161.86,158.88,192.98,181.99,168.86,155.41,155.21,174.36,154.06,140.11,146.18,152.07,151.40,137.75,130.96,169.40,104.02,96.36,123.76,95.09,111.03,161.57,141.82,122.89,116.28,118.63,131.77,124.90,150.66,113.90,122.32,98.21,102.14,112.06,123.87,129.91,150.19,125.72,123.48,187.71
2023-10-01T00:00:00.000,154.14,163.09,140.78,125.36,154.32,169.83,156.85,123.05,121.94,144.91,132.84,185.40,168.57,147.03,163.18,165.43,172.30,171.25,152.49,197.97,184.81,174.46,162.29,162.57,178.16,159.78,148.68,148.43,152.99,151.41,139.32,136.69,170.15,103.68,98.09,124.60,96.31,111.53,165.48,144.48,123.35,116.97,118.37,130.84,125.31,143.75,112.79,122.55,100.87,105.60,112.68,123.77,131.32,153.16,125.43,122.85,191.82
2023-09-01T00:00:00.000,158.68,168.81,143.52,126.07,159.50,175.97,161.39,124.95,121.59,144.19,134.00,192.25,182.25,156.84,169.62,172.28,183.08,178.94,152.51,198.50,189.51,179.07,163.76,178.32,185.52,165.07,155.68,150.82,155.29,152.14,141.90,143.62,166.81,104.45,101.08,121.87,98.98,112.96,169.42,146.68,123.19,121.59,117.94,129.92,126.04,140.56,112.74,123.01,102.12,106.32,111.77,123.54,131.49,153.26,126.48,122.37,192.87
2023-08-01T00:00:00.000,164.25,176.26,146.29,126.51,165.53,184.51,165.86,125.26,122.87,146.33,135.47,205.38,193.50,162.40,180.53,176.44,193.28,182.90,162.54,205.21,197.34,192.27,176.68,188.46,196.19,168.92,150.01,153.73,156.69,151.89,146.42,149.99,172.72,101.41,103.67,124.88,99.26,114.06,171.01,146.55,122.68,121.88,117.58,129.51,125.46,144.27,113.71,122.11,104.25,109.68,112.73,122.47,130.85,153.17,127.12,122.59,180.67
2023-07-01T00:00:00.000,173.24,189.31,149.20,125.90,179.46,196.89,171.39,125.31,122.67,161.89,143.65,208.08,210.45,183.54,187.13,211.33,203.34,193.77,171.45,210.77,204.66,197.54,177.63,204.20,207.94,173.57,157.77,153.73,160.91,151.68,147.68,153.89,168.69,103.98,103.83,124.18,99.77,114.54,172.59,145.14,122.62,121.95,116.11,128.79,124.88,144.58,113.56,121.73,105.62,110.07,112.86,122.72,131.09,145.70,126.65,121.35,183.02
2023-06-01T00:00:00.000,185.87,209.12,151.11,125.50,205.51,211.89,174.74,125.71,122.81,192.17,168.25,227.58,238.35,198.91,205.06,232.93,206.66,210.37,197.65,216.13,212.33,203.27,193.42,237.20,218.73,176.02,149.65,154.83,164.09,151.71,150.08,155.06,167.85,109.22,105.34,117.88,100.28,115.61,175.77,144.29,122.13,122.78,115.23,126.79,124.51,141.11,113.82,121.06,107.53,110.14,114.29,121.96,132.63,152.29,126.58,119.85,183.02
2023-05-01T00:00:00.000,194.36,221.57,153.68,123.26,220.00,222.78,179.51,127.01,121.80,219.35,184.51,230.27,243.78,199.78,217.17,253.89,211.15,215.72,204.37,218.96,230.59,225.47,203.56,233.10,235.80,177.37,145.50,152.64,165.11,150.79,153.54,158.79,167.69,101.31,103.70,112.62,102.77,117.80,181.41,144.52,121.68,120.58,113.47,125.15,125.23,140.95,110.91,117.88,108.48,111.62,116.13,122.23,130.93,146.63,124.08,118.89,168.94
2023-04-01T00:00:00.000,204.11,237.51,154.17,122.25,246.85,230.32,181.23,126.33,120.69,237.94,254.87,241.54,268.51,222.66,223.08,254.69,225.64,221.43,223.69,222.17,243.08,230.36,214.79,232.26,243.25,176.10,145.79,151.93,162.75,149.40,151.68,159.07,167.98,100.66,106.17,111.19,102.00,119.26,182.44,142.75,119.93,119.44,112.14,122.68,122.90,139.39,111.63,117.34,107.37,110.35,116.24,119.87,127.87,142.51,123.14,118.49,143.34
2023-03-01T00:00:00.000,208.23,244.25,154.38,120.81,256.01,235.20,182.40,125.53,119.73,249.21,259.39,240.49,285.29,223.40,225.67,259.00,223.97,240.36,235.41,226.68,246.00,235.69,217.38,228.26,248.46,174.77,145.97,151.08,167.13,145.94,154.28,152.61,169.05,101.33,101.14,109.77,103.85,118.37,178.73,139.62,119.56,118.85,111.99,121.19,122.06,137.72,110.12,116.87,107.98,110.36,114.40,117.84,127.87,140.06,121.65,117.10,144.74
2023-02-01T00:00:00.000,212.95,252.54,153.77,120.29,265.32,242.70,181.97,124.80,118.86,259.83,265.27,247.21,295.22,233.84,234.49,263.12,231.76,255.05,246.18,230.29,245.64,237.74,233.68,234.95,251.58,172.44,141.09,150.18,166.26,143.34,154.16,151.13,168.45,98.90,100.66,108.64,103.29,118.71,178.62,137.87,118.75,115.65,112.00,120.93,120.53,136.07,108.58,115.62,107.11,111.34,116.08,115.67,127.76,139.04,120.64,118.40,140.88
2023-01-01T00:00:00.000,213.89,254.53,153.11,118.09,268.34,243.92,181.97,123.54,117.32,264.78,265.76,251.46,293.45,243.31,236.34,263.33,233.75,252.87,251.37,233.66,246.94,241.12,234.22,229.41,253.58,169.65,140.57,148.43,165.96,140.04,155.71,154.11,166.66,99.95,104.38,107.02,102.53,118.30,173.86,135.31,117.92,117.05,111.46,120.04,120.21,134.94,106.82,113.31,106.12,110.61,111.94,113.98,127.42,138.50,118.00,117.74,136.51
2022-12-01T00:00:00.000,215.12,256.76,152.85,117.69,271.13,245.71,182.02,123.01,116.64,266.29,267.76,249.73,301.55,244.26,238.93,265.92,234.01,265.68,242.73,235.68,246.23,244.08,231.24,229.42,254.69,167.73,140.77,147.32,165.43,138.82,155.87,160.19,166.28,98.75,103.89,105.75,102.33,118.83,170.72,134.99,117.61,117.47,111.20,118.96,119.75,134.66,106.48,112.19,105.67,110.77,111.17,113.10,127.09,134.92,117.67,117.11,136.69
2022-11-01T00:00:00.000,215.15,257.60,151.69,117.35,273.22,245.59,180.78,121.63,115.81,268.30,264.41,257.13,304.96,244.43,241.41,263.24,232.34,256.70,245.00,235.76,256.37,242.59,235.37,230.01,255.54,164.22,136.59,147.63,163.39,136.59,154.41,158.86,165.86,97.62,104.04,103.03,102.01,118.00,166.20,132.70,116.66,117.30,110.62,117.44,118.53,133.26,106.25,110.75,105.57,110.84,109.99,110.69,126.55,134.37,117.44,116.58,130.88
2022-10-01T00:00:00.000,216.05,259.43,151.19,115.40,272.13,249.67,180.89,119.79,115.18,263.56,264.68,253.65,305.72,253.34,242.59,287.31,232.47,256.38,240.32,235.16,253.18,241.93,232.92,246.97,258.08,161.05,132.39,144.78,163.59,135.71,153.30,163.16,175.59,97.29,104.34,102.04,102.36,116.18,157.34,131.36,115.31,116.82,109.56,116.08,118.26,133.67,105.95,109.83,104.90,109.14,109.41,109.38,126.10,132.48,115.21,115.55,129.98
2022-09-01T00:00:00.000,216.76,261.34,150.09,114.49,276.17,249.94,179.32,119.14,114.69,267.93,266.56,263.91,304.80,263.89,243.95,281.53,234.01,259.53,238.07,235.30,248.55,244.91,232.71,263.68,257.80,160.07,126.62,144.89,164.26,135.49,153.38,163.08,160.90,95.37,101.02,101.34,101.82,116.79,155.29,130.74,114.72,116.54,108.13,114.90,117.89,133.99,105.24,108.90,104.97,109.29,111.09,107.95,124.94,127.85,114.28,114.76,127.43
2022-08-01T00:00:00.000,218.27,265.32,147.91,112.33,281.14,253.15,176.20,118.01,113.61,277.58,263.43,265.94,309.57,266.23,243.52,286.75,241.45,263.74,246.91,229.38,251.79,245.46,240.42,262.96,256.56,156.06,122.99,143.56,160.63,130.07,150.70,160.49,143.23,95.52,100.23,100.29,100.97,116.66,153.04,129.55,112.97,115.59,107.38,113.52,116.35,132.83,105.00,108.24,103.55,107.99,109.57,106.89,123.37,125.91,111.88,113.38,127.38
2022-07-01T00:00:00.000,220.88,270.60,146.55,110.72,290.50,255.29,174.25,117.14,113.05,293.91,269.13,265.16,316.79,271.56,243.70,293.85,246.12,264.74,249.77,227.91,247.96,245.99,243.67,265.73,255.10,151.33,123.13,140.40,153.83,128.88,150.83,155.89,151.46,93.19,100.81,99.52,100.92,115.86,151.15,126.57,112.27,114.89,106.95,113.01,117.28,131.96,104.46,107.42,103.70,107.92,111.32,105.56,121.37,123.78,109.74,113.46,129.13
2022-06-01T00:00:00.000,224.15,277.09,144.98,109.74,300.85,258.82,172.10,115.71,112.61,319.88,267.00,274.68,311.64,279.29,245.02,301.42,247.37,275.56,272.13,223.42,255.98,242.02,224.07,265.46,255.68,148.04,121.38,136.55,150.22,128.08,135.31,152.48,150.82,96.16,98.70,98.08,100.18,114.85,146.52,125.08,112.07,114.67,106.06,111.80,114.67,130.86,104.72,107.21,103.75,108.35,108.81,104.98,121.67,122.50,108.77,112.44,128.25
2022-05-01T00:00:00.000,222.95,277.00,142.12,109.39,299.53,259.68,167.93,114.16,111.42,317.62,290.51,262.28,302.08,281.31,244.00,301.31,240.68,272.27,279.43,220.76,261.01,233.62,260.75,268.21,249.28,141.70,118.54,133.05,151.85,126.83,128.94,150.95,145.85,94.23,97.52,98.16,100.20,114.87,139.02,123.15,111.45,111.69,105.88,111.36,114.15,129.21,104.20,106.33,103.16,107.40,107.38,104.63,118.10,120.13,108.33,112.59,122.26
2022-04-01T00:00:00.000,209.75,257.94,137.69,107.12,279.45,241.39,160.87,112.95,109.77,299.18,266.89,232.37,281.55,272.43,217.19,273.24,223.68,257.39,274.90,207.64,232.88,244.12,239.71,251.83,238.12,133.88,116.57,125.10,145.04,122.49,128.98,145.26,133.14,94.09,97.17,97.85,100.85,111.18,139.84,119.31,109.92,110.89,104.72,109.63,113.61,125.91,103.68,105.26,102.77,107.39,102.26,105.01,115.10,117.25,106.46,109.09,116.27
2022-03-01T00:00:00.000,188.60,226.78,131.52,105.59,242.97,214.32,151.39,110.13,107.77,258.78,234.72,207.15,233.59,259.65,196.21,250.44,201.96,236.73,227.76,195.36,193.60,205.46,187.48,230.07,223.52,125.94,112.47,118.92,138.12,115.94,118.86,133.84,112.90,93.90,96.54,96.95,100.04,107.78,132.09,116.79,107.25,108.48,103.86,108.60,109.67,123.39,102.41,104.71,101.90,101.03,102.83,103.82,112.35,111.39,104.90,107.83,109.81
2022-02-01T00:00:00.000,184.09,222.10,127.25,105.95,239.10,209.03,144.80,108.58,106.06,256.94,231.45,206.70,223.04,259.72,194.00,242.77,202.33,215.73,234.61,186.66,194.36,199.26,187.14,210.55,210.35,118.91,110.57,115.69,134.12,110.27,116.10,125.92,116.72,93.21,96.84,96.66,99.97,105.12,127.55,115.12,106.49,106.14,103.81,108.38,108.54,119.84,101.63,104.28,101.09,100.84,101.65,103.78,105.27,108.48,105.53,107.20,111.04
2022-01-01T00:00:00.000,177.66,215.06,121.74,105.35,231.30,202.57,136.29,106.60,103.91,250.44,223.60,197.86,213.68,252.23,184.59,231.62,197.66,215.23,232.35,181.61,188.02,191.59,182.82,202.16,192.62,115.51,105.03,112.16,129.20,106.87,109.79,123.23,101.66,91.30,96.91,95.96,99.78,103.19,121.00,111.49,105.47,104.62,103.83,107.11,107.60,111.47,100.62,103.98,100.98,100.89,101.43,103.47,103.21,105.11,105.06,106.28,107.75
2021-12-01T00:00:00.000,167.51,200.73,117.83,105.01,217.16,188.10,129.88,105.23,103.10,234.29,238.06,180.17,200.00,210.52,176.67,212.66,184.48,192.99,203.80,168.34,173.70,182.44,181.48,190.83,177.15,112.54,106.47,110.76,121.68,106.30,109.45,111.49,100.70,91.00,95.54,95.35,98.84,102.17,116.33,110.37,104.37,104.00,103.79,106.95,106.25,108.92,100.14,103.02,101.36,99.52,101.70,103.54,102.64,104.65,104.60,106.28,108.98
2021-11-01T00:00:00.000,152.42,178.64,113.20,104.37,191.38,168.84,121.75,104.35,102.66,204.69,177.86,171.47,190.21,185.94,161.11,189.86,160.81,175.72,181.87,157.09,161.76,168.92,154.46,158.06,154.73,108.63,106.44,110.16,118.92,105.70,109.50,106.25,98.03,90.15,95.54,95.42,99.04,101.38,113.55,107.38,104.29,103.80,103.72,106.54,105.78,107.25,100.04,102.44,102.22,100.36,100.44,103.31,100.99,104.34,104.10,105.03,112.92
2021-10-01T00:00:00.000,139.27,160.19,107.99,103.92,167.07,154.90,112.33,103.78,102.39,171.42,153.06,166.07,169.04,165.93,149.61,166.27,152.35,162.30,150.77,151.52,156.35,152.15,153.76,141.08,129.02,106.27,104.48,108.29,111.57,105.63,105.30,104.00,99.61,89.68,95.33,93.87,99.72,101.89,109.75,106.10,103.38,103.14,103.11,106.17,106.61,106.37,99.59,102.04,102.08,100.04,100.97,103.16,103.07,103.08,103.72,104.41,110.54
2021-09-01T00:00:00.000,134.41,152.96,106.66,102.86,158.20,148.93,110.09,103.44,102.15,161.14,150.52,163.88,157.35,152.96,143.28,154.83,142.88,157.71,150.14,148.38,153.76,149.80,148.70,137.84,123.52,104.83,104.65,106.82,107.47,105.25,103.97,102.77,99.55,97.64,95.51,93.13,100.20,101.70,108.83,105.84,102.40,103.21,102.60,105.17,105.16,106.04,99.97,101.39,101.75,100.34,100.96,103.08,101.33,102.91,102.36,104.37,109.54
2021-08-01T00:00:00.000,127.13,141.58,105.52,103.29,146.13,138.09,108.20,102.75,102.19,153.82,139.39,155.09,138.81,134.03,134.91,141.74,133.61,145.66,144.13,137.71,144.46,133.51,127.44,132.83,117.81,104.81,104.23,105.77,107.64,104.75,102.55,101.50,100.26,102.73,92.45,96.71,99.75,101.21,105.96,105.41,102.43,103.18,102.29,104.66,104.59,105.58,100.38,101.47,102.25,98.61,101.67,103.23,101.40,103.77,103.01,103.64,120.74
2021-07-01T00:00:00.000,119.31,129.37,104.25,102.79,133.08,126.52,106.01,102.41,102.09,139.56,130.18,143.76,121.92,127.73,123.61,130.03,119.41,133.19,132.36,126.09,132.79,118.24,125.87,124.84,112.12,103.64,102.64,105.16,105.62,104.43,103.17,101.06,100.49,102.73,97.19,96.89,99.67,101.28,104.65,104.42,102.96,103.27,102.16,104.08,103.63,104.99,100.27,101.32,102.26,100.02,101.98,102.67,100.74,103.52,102.53,103.41,110.71
2021-06-01T00:00:00.000,114.22,121.71,103.01,102.15,123.19,120.58,103.82,101.89,102.25,133.01,117.20,133.92,109.07,116.71,119.88,124.93,112.99,127.10,126.11,116.94,125.15,112.80,119.87,116.61,106.56,102.56,104.10,104.47,104.21,103.54,101.80,99.38,99.63,101.24,98.09,96.83,99.89,100.83,102.69,104.13,102.08,102.98,101.58,103.53,103.04,104.52,100.50,102.34,101.99,102.50,101.14,102.56,100.12,103.34,101.88,102.70,112.33
2021-05-01T00:00:00.000,111.87,118.31,102.24,101.71,119.46,117.42,102.68,101.63,101.85,127.93,119.95,131.18,104.11,111.28,116.00,118.79,111.70,123.79,122.81,116.24,126.53,111.12,113.88,111.84,104.48,101.58,103.09,103.50,102.17,103.15,101.48,99.97,100.38,100.74,98.10,96.77,100.97,100.54,101.90,103.29,101.66,101.71,101.20,102.61,102.29,103.75,100.20,102.14,101.71,100.93,101.31,102.56,100.32,103.01,101.64,101.97,101.18
2021-04-01T00:00:00.000,110.08,115.88,101.40,101.32,117.47,114.66,101.54,101.06,101.40,125.60,119.51,123.01,104.80,109.11,114.35,117.00,109.59,122.24,118.87,112.66,119.00,107.38,107.68,113.02,102.74,100.77,102.93,101.78,100.94,102.15,99.92,99.78,99.52,100.46,97.47,95.89,100.39,100.64,101.69,102.39,100.73,101.66,99.93,101.55,101.23,103.16,100.16,101.00,100.84,101.40,100.86,102.55,100.94,101.72,101.28,101.30,105.94
2021-03-01T00:00:00.000,106.03,109.58,100.74,100.49,110.32,109.00,100.66,100.67,100.97,113.54,117.76,115.73,102.19,102.06,105.47,112.51,106.31,116.03,111.05,108.10,110.47,105.20,104.87,108.30,101.06,99.71,102.94,100.78,100.44,100.93,99.84,99.28,100.15,100.48,97.69,96.85,99.89,100.32,101.79,102.11,99.91,100.58,100.25,101.01,100.84,102.15,100.00,100.50,100.80,101.13,100.97,102.09,100.28,100.86,100.41,100.67,103.33
2021-02-01T00:00:00.000,101.21,101.91,100.18,100.36,102.11,101.75,100.08,100.23,100.32,102.46,100.14,104.62,102.38,99.91,101.04,101.58,100.93,102.55,102.59,101.90,101.05,101.69,101.70,105.54,100.08,99.87,100.16,99.89,100.29,100.87,100.34,99.80,99.19,100.53,100.31,100.00,99.79,100.36,100.86,100.54,99.61,100.35,100.07,100.35,100.71,101.07,100.20,99.97,100.24,99.73,100.32,101.12,99.35,100.47,100.43,100.12,100.38
2021-01-01T00:00:00.000,100.00,100.00,100.00,100.00,100.00,100.00,100.00,100.00,100.00,100.00,100.00,100.00,100.00,100.00,100.00,100.00,100.00,100.00,100.00,100.00,100.00,100.00,100.00,100.00,100.00,100.00,100.00,100.00,100.00,100.00,100.00,100.00,100.00,100.00,100.00,100.00,100.00,100.00,100.00,100.00,100.00,100.00,100.00,100.00,100.00,100.00,100.00,100.00,100.00,100.00,100.00,100.00,100.00,100.00,100.00,100.00,100.00
2020-12-01T00:00:00.000,99.64,99.49,99.92,,99.81,99.23,100.11,99.62,99.77,98.56,103.43,99.79,100.23,98.78,99.35,98.08,98.79,101.14,97.07,100.32,99.19,99.21,99.82,101.50,99.74,99.63,97.41,100.22,100.71,99.84,99.68,99.75,99.19,100.86,101.10,100.00,99.91,100.15,99.02,99.43,99.38,98.98,99.94,99.02,100.50,99.39,99.65,99.90,99.54,100.46,100.80,99.65,99.30,100.01,0.00,0.00,0.00
2020-11-01T00:00:00.000,99.29,99.00,99.82,,99.73,98.43,100.05,99.32,99.74,99.03,102.29,97.96,100.44,99.36,98.58,97.84,100.12,99.66,95.73,99.50,98.48,98.43,97.69,95.70,99.65,99.72,97.22,100.14,100.36,99.74,99.10,100.75,99.05,100.80,101.25,100.00,99.76,99.43,98.39,99.11,99.68,98.72,100.04,98.60,100.19,98.53,99.62,99.99,99.78,100.47,100.55,99.70,100.55,100.50,0.00,0.00,0.00
2020-10-01T00:00:00.000,98.86,98.51,99.49,,99.16,97.99,99.81,98.90,99.30,99.04,97.10,96.86,101.48,99.84,97.96,97.87,98.54,98.99,98.24,97.81,98.10,97.31,98.14,95.10,99.55,99.65,95.53,99.80,99.66,99.81,98.41,99.86,98.54,100.71,101.85,104.44,98.48,99.10,98.82,98.52,99.43,98.36,100.10,98.44,100.07,97.76,100.12,99.41,99.39,99.83,100.22,99.65,99.47,99.30,0.00,0.00,0.00
2020-09-01T00:00:00.000,99.58,99.77,99.24,,101.41,98.49,99.81,98.24,98.85,101.80,102.21,97.31,103.09,99.72,97.59,98.16,99.32,102.19,99.26,98.63,97.80,97.06,97.17,95.19,99.62,99.21,98.71,100.60,99.02,99.22,99.08,101.04,98.20,100.24,102.23,93.61,97.91,98.82,98.05,98.58,98.55,96.65,99.87,96.54,99.65,97.31,100.14,98.90,98.99,98.61,99.21,99.67,99.25,98.67,0.00,0.00,0.00
2020-08-01T00:00:00.000,100.15,101.16,98.31,,102.91,99.79,98.28,98.19,98.49,102.95,102.02,98.24,106.31,101.59,98.35,100.68,99.29,105.39,99.36,100.38,98.58,98.41,98.72,95.68,100.02,98.89,98.65,100.20,98.49,99.30,98.80,102.95,98.29,102.34,101.96,94.13,98.49,98.62,99.33,97.82,98.65,94.92,100.06,94.85,99.30,96.59,99.62,98.41,99.15,98.14,99.27,99.13,100.38,97.45,0.00,0.00,0.00
2020-07-01T00:00:00.000,101.33,102.83,98.60,,104.85,101.26,99.39,97.66,97.70,104.29,108.49,100.04,106.66,103.48,100.94,102.36,100.27,106.84,100.38,101.55,100.94,99.64,98.44,95.57,99.20,98.32,99.26,98.20,99.63,98.78,98.01,102.28,98.06,102.34,101.71,90.29,98.20,97.67,99.64,97.26,97.97,94.53,98.76,93.43,98.89,96.04,98.49,97.14,99.02,97.63,99.10,98.51,98.30,96.37,0.00,0.00,0.00
2020-06-01T00:00:00.000,101.92,104.09,97.97,,106.08,102.54,99.22,96.65,96.39,104.98,107.74,102.70,109.16,104.98,102.32,104.17,100.37,108.65,102.98,103.15,102.03,100.46,99.17,95.50,99.78,98.91,98.61,97.27,98.75,98.00,97.14,100.52,98.31,99.66,101.71,91.26,97.41,97.10,98.00,96.26,96.59,93.31,98.15,92.59,97.81,95.43,98.11,94.69,97.76,97.49,96.54,97.24,97.90,92.37,0.00,0.00,0.00
2020-05-01T00:00:00.000,101.74,104.26,97.17,,105.97,102.92,98.60,95.27,95.72,105.36,106.90,102.70,109.32,103.16,100.80,105.45,101.08,109.35,103.82,103.92,103.02,100.52,100.94,95.05,98.98,97.98,98.46,96.63,97.62,96.35,94.94,100.99,96.47,98.43,104.97,96.87,96.68,95.48,94.42,95.36,94.57,91.55,98.24,92.92,96.71,93.32,97.16,96.82,97.81,96.62,95.44,95.95,97.22,89.79,0.00,0.00,0.00
2020-04-01T00:00:00.000,100.43,102.91,95.96,,104.48,101.67,97.69,94.31,93.61,103.06,104.59,102.95,108.88,101.59,100.28,102.99,98.96,108.02,104.47,103.64,102.83,99.54,100.44,89.88,97.88,96.43,98.74,94.74,96.82,94.59,93.91,99.71,94.88,101.95,102.71,98.36,95.22,94.12,94.84,94.15,93.62,90.16,98.65,92.28,95.21,91.53,94.48,92.23,96.20,94.95,94.81,93.38,97.62,88.87,0.00,0.00,0.00
2020-03-01T00:00:00.000,96.41,97.81,93.87,,99.25,96.68,94.71,93.52,92.35,98.34,96.55,100.10,103.02,96.85,96.07,97.93,94.96,100.44,98.42,96.48,96.76,93.76,98.96,89.61,96.95,95.71,96.83,94.35,96.37,92.09,91.80,99.63,94.56,59.76,99.95,89.65,95.18,93.18,92.64,92.64,93.50,89.41,98.22,91.95,94.40,90.07,94.17,88.83,95.75,94.43,95.29,91.61,96.49,86.81,0.00,0.00,0.00
2020-02-01T00:00:00.000,96.01,97.34,93.60,,98.68,96.29,94.41,93.56,91.91,97.43,97.28,99.27,101.96,97.28,95.70,97.99,94.60,100.33,97.90,95.53,96.88,92.67,97.57,89.50,96.82,95.51,95.62,94.18,96.39,92.31,91.74,97.04,95.42,60.33,100.33,87.07,94.96,93.32,93.11,92.88,93.17,89.55,98.75,91.92,94.03,89.45,94.02,88.68,95.66,93.98,94.77,90.10,95.59,86.40,0.00,0.00,0.00
2020-01-01T00:00:00.000,96.18,97.69,93.45,,99.51,96.27,94.28,93.38,91.72,98.13,100.74,99.75,101.83,97.64,95.10,98.05,94.27,100.50,98.32,96.27,97.09,92.97,97.05,89.57,97.13,95.50,94.30,93.84,96.07,91.92,92.17,97.33,94.87,59.75,100.84,86.33,94.84,93.80,91.82,92.83,92.98,89.72,98.50,92.03,93.46,89.29,94.07,89.07,95.59,93.38,94.64,88.86,94.86,85.82,0.00,0.00,0.00
2019-12-01T00:00:00.000,96.25,97.77,93.50,,99.46,96.45,94.55,93.37,91.37,97.69,100.94,100.01,102.03,97.80,95.97,97.90,94.30,100.79,98.01,96.33,97.90,93.10,96.54,89.39,97.40,95.69,94.04,94.29,96.06,92.16,92.33,99.63,95.05,60.33,101.44,85.58,94.57,93.96,92.40,92.58,93.09,90.01,99.01,91.85,92.41,89.27,93.84,88.78,94.48,93.77,93.69,89.02,93.86,85.66,0.00,0.00,0.00
2019-11-01T00:00:00.000,96.47,98.23,93.30,,100.16,96.72,94.49,93.24,90.80,98.97,99.43,101.16,102.90,98.34,95.51,97.21,94.39,103.20,97.99,96.54,100.86,92.86,95.86,89.69,97.45,95.25,94.96,93.64,96.37,92.04,91.59,101.68,95.34,58.38,101.30,84.55,94.52,92.96,92.48,92.73,92.71,89.65,100.87,91.36,92.37,88.93,93.02,87.25,94.46,93.40,93.76,88.40,93.12,85.27,0.00,0.00,0.00
2019-10-01T00:00:00.000,96.51,98.25,93.36,,100.49,96.49,94.54,93.47,90.72,99.88,99.76,102.18,102.12,98.14,94.21,97.63,94.30,103.81,97.62,96.49,99.18,92.60,95.76,91.42,97.62,95.31,94.78,93.72,96.17,92.01,91.71,101.41,95.59,58.38,102.76,83.63,95.37,93.09,92.61,92.94,91.98,89.38,102.08,91.36,92.33,88.73,93.41,86.95,94.30,93.54,93.71,88.32,92.68,85.18,0.00,0.00,0.00
2019-09-01T00:00:00.000,96.66,98.48,93.38,,100.85,96.62,94.60,93.53,90.63,100.50,100.04,102.11,102.31,98.51,94.03,98.31,95.23,104.08,97.99,96.95,97.36,92.95,96.14,89.35,98.11,95.45,94.91,93.12,95.58,91.95,91.82,101.38,95.50,58.38,102.28,82.84,95.82,92.84,92.48,92.97,91.46,89.61,103.18,91.36,92.06,88.54,93.17,86.59,94.05,93.83,93.55,88.88,93.22,85.06,0.00,0.00,0.00
2019-08-01T00:00:00.000,97.01,99.11,93.19,,101.57,97.20,94.43,93.22,90.53,100.95,101.23,102.50,103.46,99.02,94.07,100.14,95.21,105.37,99.05,96.76,97.24,91.91,97.39,90.89,98.06,95.42,94.78,92.29,94.74,91.85,90.84,101.48,95.24,59.64,102.44,82.59,94.09,92.83,92.56,93.06,91.69,89.54,104.22,91.41,91.87,88.16,93.31,86.24,94.12,94.34,93.62,88.75,92.58,85.04,0.00,0.00,0.00
2019-07-01T00:00:00.000,96.56,98.48,93.08,,101.18,96.36,94.50,93.00,90.10,101.74,98.23,103.11,102.08,98.71,94.13,97.84,94.92,102.94,98.41,96.20,98.79,91.99,96.96,87.41,98.14,95.67,95.22,92.16,94.81,91.69,90.07,101.83,95.33,59.01,101.72,84.25,93.80,92.51,92.67,92.42,91.17,89.22,105.65,91.14,91.59,87.56,92.04,86.81,94.24,93.56,93.52,87.45,91.49,85.28,0.00,0.00,0.00
2019-06-01T00:00:00.000,95.54,97.08,92.75,,99.47,95.22,94.22,92.67,89.67,99.35,98.31,102.41,99.54,97.89,93.00,97.29,93.77,101.56,94.94,94.71,96.80,90.38,96.19,91.13,98.16,95.44,94.21,92.05,94.16,90.93,90.38,102.93,95.01,58.96,101.00,81.12,92.48,92.21,92.42,92.35,91.54,89.24,106.69,90.54,91.60,87.08,91.57,86.44,93.75,93.66,93.43,86.50,90.33,85.16,0.00,0.00,0.00
2019-05-01T00:00:00.000,95.09,96.63,92.32,,98.54,95.13,93.92,92.42,88.82,98.54,98.89,101.55,97.79,96.28,91.99,97.57,94.17,100.90,97.28,94.84,96.38,89.94,95.08,90.67,98.39,95.36,94.87,91.04,92.20,89.89,90.34,103.81,95.03,58.38,101.98,75.07,91.54,91.82,92.69,92.16,91.11,88.78,108.63,90.24,91.62,86.58,90.35,84.55,93.62,93.37,92.89,84.81,90.02,84.51,0.00,0.00,0.00
2019-04-01T00:00:00.000,95.34,97.27,91.85,,99.19,95.77,93.62,91.63,88.23,100.86,96.30,100.93,98.52,96.02,92.39,99.23,93.71,101.73,100.23,94.68,95.97,89.75,95.80,91.30,98.19,95.69,93.92,91.05,90.98,89.26,88.71,103.79,95.66,58.38,102.30,74.69,88.63,92.20,92.36,91.91,91.14,87.29,109.41,89.94,91.53,85.76,89.81,84.57,93.58,92.27,92.93,81.78,89.43,84.19,0.00,0.00,0.00
2019-03-01T00:00:00.000,95.22,97.22,91.58,,99.49,95.45,93.51,91.24,87.72,101.92,96.57,100.47,97.96,96.32,92.83,98.96,94.05,102.29,96.88,94.44,95.27,88.95,95.07,90.99,98.19,95.85,94.29,90.87,90.54,89.26,87.66,103.84,95.87,58.38,103.13,71.42,87.57,91.02,91.98,91.86,91.08,86.56,112.94,89.43,91.30,85.50,90.02,83.33,93.44,92.33,92.21,80.20,87.75,83.82,0.00,0.00,0.00
2019-02-01T00:00:00.000,94.06,95.59,91.29,,98.04,93.68,93.34,90.64,87.43,99.41,94.60,100.22,97.49,96.11,91.90,94.98,92.52,99.03,99.67,92.13,93.71,87.72,93.68,87.62,98.01,96.02,94.77,90.67,89.73,88.92,86.19,102.51,94.74,58.38,102.97,74.51,86.50,90.97,90.57,91.68,90.90,85.91,112.39,89.30,90.76,85.24,89.41,82.97,92.90,92.77,92.15,80.44,87.05,83.71,0.00,0.00,0.00
2019-01-01T00:00:00.000,92.72,93.49,91.31,,95.64,91.81,93.51,90.47,87.30,96.73,92.07,99.50,94.26,94.91,90.08,92.72,90.32,99.37,94.07,89.95,92.40,84.89,93.62,88.74,97.48,96.27,94.86,90.98,89.48,89.61,86.69,106.03,95.92,58.38,102.91,75.82,85.80,90.54,90.73,91.58,90.77,86.04,112.74,89.47,91.20,85.05,89.69,83.39,92.81,92.02,91.80,80.17,85.39,83.87,0.00,0.00,0.00
2018-12-01T00:00:00.000,90.67,90.36,91.24,,91.57,89.41,93.56,90.30,87.04,92.37,86.27,96.36,91.33,90.73,89.24,91.81,86.45,94.57,92.57,87.69,89.86,83.32,90.19,82.78,97.89,95.91,95.59,90.59,88.30,89.54,86.14,107.65,94.77,58.38,104.21,75.81,85.61,90.34,90.79,91.30,90.39,85.26,112.75,89.10,92.04,84.67,88.91,82.84,93.01,90.97,92.52,80.13,85.94,83.91,0.00,0.00,0.00
